Deal Type,Announce Date,Target Name,Acquirer Name,Seller Name,Announced Total Value (mil.),Payment Type,TV/EBITDA,Deal Status
M&A,5/30/2019,Aramark,"Potential Buyer,Mantle Ridge LP",,6995.24,Undisclosed,4.92,Withdrawn
M&A,10/14/2025,Papa John's International Inc,Apollo Global Management Inc,,3029.87,Cash,11.67,Withdrawn
M&A,1/16/2024,Carrols Restaurant Group Inc,Restaurant Brands International Inc,,1643.09,Cash,12.49,Completed
M&A,2/1/2021,Fertitta Morton's Restaurants Inc,Fast Acquisition Corp,,1440,Stock, ,Terminated
M&A,2/14/2025,Papa John's International Inc,Irth Capital Management LP,,1380.74,Cash,5.91,Proposed
M&A,10/12/2023,Restaurant Group PLC/The,Apollo Global Management Inc,,1321.11,Cash,43.66,Completed
M&A,5/6/2025,Sevenrooms Inc,DoorDash Inc,"Amazon.com Inc,Comcast Ventures LLC (Fund: Comcast Ventures Catalyst Fund),PSG Equity LLC (Fund: Providence Strategic Growth IV LP),Union Square Hospitality Group LLC (Fund: Enlightened Hospitality Investments II LP)",1200,Cash, ,Completed
M&A,4/6/2022,Main Event Entertainment Inc,Dave & Buster's Entertainment Inc,"RedBird Capital Partners LLC (Fund: RedBird Capital Partners Fund II LP),Coast Entertainment Holdings L",835,Cash, ,Completed
M&A,11/4/2025,Denny's Corp,"CoVenture LLC,Yadav Enterprises Inc,TriArtisan Capital Advisors LLC",,738.12,Cash,12.3,Completed
M&A,11/28/2024,Loungers Ltd,Fortress Investment Group LLC,,632.53,Cash, ,Completed
M&A,11/6/2018,Bojangles' Inc,"Jordan Co LP/The (Fund: Resolute Fund IV LP/The),Durational Capital Management LP",,593.73,Cash,14.1,Completed
M&A,2/20/2018,Fogo De Chao Inc,Rhone Capital LLC,,552.86,Cash,11.39,Completed
INV,7/13/2021,Shenzhen Meixixi Catering Management Co Ltd,"Temasek Holdings Pte Ltd,Private Investor,Tencent Holdings Ltd,Solareast Holdings Co Ltd,IDG Capital Investment Consultant Beijing Co Ltd (Fund: IDG China Capital Fund III),Sequoia China Investment Management LLP (Fund: Sequoia Capital China Venture Fund VI LP),Hillhouse Investment Management...",,500,Cash, ,Completed
M&A,11/13/2025,Burger King Japan,Goldman Sachs Group Inc/The,Affinity Equity Partners Ltd,453.6,Cash, ,Pending
M&A,8/14/2019,Tanglin Developments Ltd,Blackstone Inc,Coffee Day Enterprises Ltd,419.13,Cash,27.5,Withdrawn
INV,12/7/2021,Wonder Distribution LLC,"Niksa Energy Associates LLC,GV Management Co LLC (Fund: Gradient Ventures),Accel Partners LP (Fund: Accel XV LP)",,400,Cash, ,Completed
INV,11/20/2020,Success Foods Management Group LLC,"T Rowe Price Group Inc,Lone Pine Capital LLC,General Atlantic LP (Fund: General Atlantic Investment Partners 2017 LP),XN-Ventures Oy,D1 Capital Partners LP (Fund: D1 SX Holdings LP)",,400,Cash, ,Completed
M&A,9/17/2019,GV Techparks Pvt Ltd,Blackstone Inc,Coffee Day Enterprises Ltd,377.51,Cash, ,Pending
M&A,3/31/2021,Motorways business,"Applegreen Ltd,Blackstone Inc (Fund: Blackstone Infrastructure Partners LP),B&J Holdings Ltd/Qormi",Autogrill SpA,375,Cash, ,Completed
M&A,8/7/2023,Fiesta Restaurant Group Inc,Authentic Restaurant Brands,,357.64,Cash,14.24,Completed
M&A,7/22/2024,Insomnia Cookies LLC,"Verlinvest SA,Mistral Equity Partners",Krispy Kreme Inc,350,Cash, ,Completed
INV,6/17/2022,Wonder Distribution LLC,"Sandfire Resources America Inc,Private Investor,YieldStreet Inc,GV Management Co LLC (Fund: Gradient Ventures),Alpine Group,Bain Capital Venture Partners LLC (Fund: Bain Capital Venture Fund 2021 LP),Accel Partners LP (Fund: Accel XV LP),General Catalyst Partners LLC (Fund: General Catalyst G...",,350,Cash, ,Completed
INV,2/6/2026,SambaNova Systems Inc,"Battery Ventures LP,T Rowe Price Associates Inc,Private Investor,Intel Capital Corp,Vista Equity Partners LLC,GV Management Co LLC,Atlantic Bridge Ventures,Nepenthe,Redline Capital Management SA,A&E Investment LLC,Mayfield Capital Corp,Cambium Capital Partners LLC,Assam Ventures LLC,8 Square ...",,350,Cash, ,Completed
M&A,8/15/2018,Hojeij Branded Foods LLC,Lagardere SA,Morgan Stanley Private Equity,330,Cash, ,Completed
M&A,12/21/2018,Food Delivery Brands Group SA,KKR & Co Inc,,311.47,Cash,10.85,Completed
INV,7/27/2021,NotCo Inc,"Private Investor,Bezos Expeditions,Kaszek Ventures (Fund: Kaszek Ventures III LP),Zoma Capital LLC,Union Square Hospitality Group LLC (Fund: Enlightened Hospitality Investments LP),Catterton Partners Corp (Fund: L Catterton Growth IV LP),Future Positive Capital SARL (Fund: Future Positive Fun...",,305,Cash, ,Completed
M&A,10/1/2021,Twin Peaks Restaurants LP,FAT Brands Inc,Garnett Station Capital Partners LLC,300,Cash, ,Completed
INV,7/21/2022,Emergy Inc,"Canada Pension Plan Investment Board,Chipotle Mexican Grill Inc,Revolution LLC (Fund: Revolution Growth III LP),Wheatsheaf Group Ltd,Congruent Ventures (Fund: Congruent Follow on Fund I LP),Rockefeller Capital Management LP,Bond Capital Associates LLC (Fund: Bond II LP),Wellington Management ...",,272,Cash, ,Completed
M&A,6/22/2018,Spreads business/Unilever Indonesia Tbk PT,KKR Group Co Inc,Unilever Indonesia Tbk PT,207.15,Cash, ,Completed
INV,2/24/2025,Just Salad LLC,"Neuberger Real Estate Securiti,D1 Capital Partners LP (Fund: D1 Jupiter Holdings LP),Stripes LLC (Fund: Stripes VI LP),Wellington Management Group LLP (Fund: Wellington Hadley Harbor IV LP)",,200,Cash, ,Completed
INV,2/4/2019,Papa John's International Inc,Starboard Value LP,,200,Cash, ,Pending
M&A,4/12/2018,HF Group Holding Corp,HF Foods Group Inc,,199.15,Stock, ,Completed
INV,4/27/2021,Cava Group Inc,"T Rowe Price Group Inc,Navigator Global Investments Ltd,Mousse Partners Ltd,Revolution LLC (Fund: Revolution Ventures II LP),SWaN & Legend Venture Partners LLC (Fund: SWaN & Legend Fund 3 LP),Invus Group LLC/The (Fund: Invus Opportunities Fund III LP),Declaration Partners LP,Equilibra Partner...",,190,Cash, ,Completed
M&A,11/7/2025,Spyce Food Co,Wonder Group Inc/NY,Sweetgreen Inc,186.4,Cash and Stock, ,Completed
M&A,11/6/2019,Diversified Restaurant Holdings Inc,ICV Capital Partners LLC,,179.8,Cash,12.14,Completed
INV,10/7/2021,Rebel Foods Pvt Ltd,"Evolvence Capital Ltd,Qatar Investment Authority (Fund: Wessal Capital),Coatue Management LLC (Fund: Coatue Early Stage Fund LP)",,175,Cash, ,Completed
M&A,2/24/2026,Origin Wireless Inc,ADT Inc,"Okinawa Electric Power Co Inc/The,Cybertrust Japan Co Ltd,Inspire Brands Inc,Alarm.com Holdings Inc,Verizon Ventures LLC,Verisure Sarl",170,Cash, ,Completed
INV,5/21/2019,Mod Pizza LLC,"Private Investor,Clayton Dubilier & Rice LLC (Fund: Clayton Dubilier & Rice X LP)",,160,Cash, ,Completed
INV,9/23/2019,Sweetgreen Inc,"FMR LLC,Lone Pine Capital LLC,Private Investor,Revolution LLC (Fund: Revolution Growth II LP),Red Sea Ventures LLC (Fund: Red Sea Ventures II LP),D1 Capital Partners LP (Fund: D1 Lion Holdings LP)",,150,Cash, ,Completed
INV,4/17/2019,Luckin Coffee Inc,"BlackRock Inc,Private Investor",,150,Cash, ,Completed
M&A,5/24/2018,Hawthorn Leisure Holdings Ltd,NewRiver REIT PLC,Avenue Capital Group LLC,142.97,Cash, ,Completed
M&A,11/2/2021,Fazoli's Restaurants Inc,FAT Brands Inc,Sentinel Capital Partners LLC,130,Cash, ,Completed
INV,8/1/2019,Rebel Foods Pvt Ltd,"Evolvence Capital Ltd,Lightbox Management Ltd/India (Fund: Lightbox Ventures II),Aplikasi Karya Anak Bangsa PT,Coatue Management LLC (Fund: Coatue Early Stage Fund LP),Goldman Sachs Group Inc/The (Fund: Petershill IV LLC),Peak XV Partners Advisors India LLP",,125,Cash, ,Completed
M&A,8/2/2019,"Majestic Wine Warehouses Ltd,Les Celliers de Calais SAS",Fortress Investment Group LLC,Naked Wines PLC,109.31,Cash and Debt, ,Completed
INV,5/18/2021,Goldbelly Inc,"Intel Capital Corp (Fund: Intel Communications Fund),Spectrum Equity Investors LP (Fund: Spectrum Equity IX LP)",,100,Cash, ,Completed
INV,7/25/2022,Kitchen United Inc,"Kroger Co/The,AT&T Inc,Alimentation Couche-Tard Inc,Simon Property Group Inc,Rich Products Corp,Private Investor,Fidelity Investments Canada ULC,HAVI Group LP/The,Circle K Stores Inc,DivcoWest Properties,Cali Group LLC,RXR Realty LLC,Phillips Edison & Co Inc,Restaurant Brands International In...",,100,Cash, ,Completed
INV,9/8/2022,True Food Kitchen,"Centerbridge Partners LP,Manna Partners LLC (Fund: Manna Tree Partners Fund I LP),HumanCo LLC",,100,Cash, ,Completed
INV,7/20/2021,Atlantic Food Waste Partners LLC,"Private Investor,Left Lane Capital LLC (Fund: Left Lane Capital Partners I LP)",,100,Cash, ,Completed
M&A,7/24/2025,Dyla LLC,Keurig Dr Pepper Inc,,98,Cash, ,Completed
INV,12/27/2021,Bumi Berkah Boga PT,"Horizons Ventures Ltd,Kunlun Group Ltd,B Capital Group US LLC (Fund: B Capital Opportunities Fund I LP),Tybourne Capital Management HK Ltd (Fund: Tybourne Strategic Opportunities Fund LP),Alpha Wave Global LP (Fund: Alpha Wave Ventures II LP)",,96,Cash, ,Completed
M&A,5/4/2020,CraftWorks Holdings Inc,Fortress Investment Group LLC,,93,Cash, ,Completed
M&A,3/13/2025,Tastemade Inc,Wonder Distribution LLC,,90,Cash, ,Completed
INV,2/10/2022,7shifts Employee Scheduling Software Inc,"Ten Coves Capital LP (Fund: Financial Partners Fund II LP),SoftBank Group Corp (Fund: SoftBank Vision Fund II),Union Square Hospitality Group LLC (Fund: Enlightened Hospitality Investments II LP)",,80,Cash, ,Completed
INV,8/4/2022,Everytable,"Brener International Group LLC,Creadev SASV,Libra Foundation/The,Patamar Capital LLC (Fund: Patamar Fund II LP),Lerer Hippeau Ventures Management LLC (Fund: Lerer Hippeau VII LP),Gullspang Re:Food Invest AB,Dohmen Co Foundation Inc,Desert Bloom Food Ventures LLC (Fund: Desert Bloom Food Ventu...",,80,Cash, ,Completed
M&A,3/12/2024,Shorecal Ltd,Domino's Pizza Group PLC,"Bronfman Family Office,Radcliff Management LLC",78.62,Cash, ,Completed
M&A,6/10/2025,Insomnia Cookies LLC,"Verlinvest SA,Mistral Equity Partners (Fund: Mistral Equity Partners QP LP)",Krispy Kreme Inc,75,Cash, ,Completed
INV,4/21/2026,Sunshine Teahouse Pvt Ltd,"Tiger Global Management LLC,SAIF Partners",,70,Cash, ,Proposed
INV,6/15/2021,dYdX Trading Inc,"Paradigm Investment Group LLC,Hashed Ventures Inc,StarkWare Industries Ltd,Electric Capital LLC (Fund: Electric Capital Venture Fund I LP),CMS Holdings LLC,CMT Digital Venture LLC (Fund: CMT Digital Ventures Fund II LLC)",,65,Cash, ,Completed
INV,10/27/2021,Dig Inn Restaurant Group LLC,"Eminence Capital LP,Monogram Capital Partners LLC,Inherent Group LP,Kitchen Ventures LLC (Fund: Kitchen Fund II LP),Avalt,Union Square Hospitality Group LLC (Fund: Enlightened Hospitality Investments II LP)",,65,Cash, ,Completed
INV,9/8/2021,Revolution Foods Inc,"Morgan Stanley Private Equity (Fund: North Haven Credit Partners III LP),L2 Point Management LLC",,60,Cash, ,Completed
INV,1/25/2018,Sun Basket Inc,"Vulcan Inc,Accolade Partners LP,Correlation Ventures (Fund: Correlation Ventures LP),Rembrandt Venture Management LLC (Fund: Rembrandt Venture Partners Fund Three LP),Founders Circle Capital LLC,Relevance Capital Inc,August Capital Corp (Fund: August Capital VII LP),Unilever Ventures Ltd (Fun...",,57.8,Cash, ,Completed
INV,4/4/2022,Jean-Georges Restaurants,Howard Hughes Corp/The,,55,Cash, ,Completed
INV,4/15/2021,Myforest Foods Co,"Viking Global Investors LP,Private Investor,Standard Investments LLC,Alpha Impact Investment Management Partners LLC (Fund: AiiM Partners LP),Stray Dog Capital LLC (Fund: Stray Dog Capital Fund II LP),FootPrint Coalition Ventures LLC,Senator Investment Group LP (Fund: Senator Innovation & Sus...",,55,Cash, ,Completed
INV,6/13/2022,Sunshine Teahouse Pvt Ltd,"Think Investments LLC,Tiger Global Management LLC (Fund: Tiger Global Private Investment Partners X LP),SAIF Partners (Fund: Elevation Capital VI Ltd),Alpha Wave Global LP (Fund: Alpha Wave Ventures II LP)",,53,Cash, ,Completed
INV,5/8/2024,Voyage Foods,"Horizons Ventures Ltd,SOSV Ltd (Fund: SOSV Select Fund LP),Level One Fund,Collaborative Fund (Fund: Collaborative Sustainable Solutions LP),Nimble Partners LLC (Fund: Nimble Partners Fund II LP)",,52,Cash, ,Completed
M&A,9/12/2019,Certain Offshore Oil & Gas Interests/Biglari Holdings,Biglari Holdings Inc,"Lincoln National Corp,American United Life Insurance Co,HPS Investment Partners LLC (Fund: Highbridge Principal Strategies-Jade Real Assets Fund LP)",51.5,Cash, ,Pending
INV,9/10/2025,Nitricity Inc,"Chipotle Mexican Grill Inc,Susquehanna Financial Group LLLP,Khosla Ventures LLC (Fund: Khosla Ventures VII LP),Energy Impact Partners LP (Fund: EIP Deep Decarbonization Frontier Fund I LP),Fine Structure Ventures,WF World Fund Management GmbH (Fund: World Fund),Change Forces Capital",,50,Cash, ,Completed
INV,2/21/2019,Beijing Lian Chuang Ju Xing Food Management Co Ltd,"Doll Capital Management Inc (Fund: DCM Ventures China Fund DCM VIII LP),Genbridge Capital Management Co Ltd (Fund: GenBridge Capital Fund I LP),Tiger Global Management LLC (Fund: Tiger Global Private Investment Partners XI LP)",,50,Cash, ,Completed
INV,4/10/2020,Rebel Foods Pvt Ltd,"Unnamed Buyer,City Storage Systems LLC,Coatue Management LLC (Fund: Coatue Early Stage Fund LP)",,50,Cash, ,Completed
INV,2/1/2022,Lunchbox Technologies Inc,"Unnamed Buyer,645 Ventures Management LLC (Fund: 645 Ventures II LP),Coatue Management LLC (Fund: Coatue Early Stage Fund LP),Primary Venture Partners LLC (Fund: Primary Select Fund I LP)",,50,Cash, ,Completed
INV,7/14/2021,Shanghai Wanwu Youyang Catering Management Co Ltd,"Private Investor,IDG Capital Investment Consultant Beijing Co Ltd (Fund: IDG China Venture Capital Fund VI LP),Sequoia China Investment Management LLP (Fund: Sequoia Capital China Venture Fund VIII LP),GGV Capital LLC (Fund: GGV Capital VIII),Tiger Global Management LLC (Fund: Tiger Global Pr...",,50,Cash, ,Completed
INV,4/7/2026,True Footage Inc,"Private Investor,Mockingbird Partners LP,Kraft Group/The,Pilot Enterprises Ltd,Pagsgroup LLC,Cox Enterprises Inc (Fund: Socium Ventures Fund),Nava Ventures LLC (Fund: Nava Ventures II LP),Story Ventures LLC (Fund: Story Data III LP)",,40,Cash, ,Completed
INV,4/4/2019,Q Tonic LLC,Eurazeo SE,,40,Cash, ,Completed
INV,11/30/2021,Poncho Hospitality Pvt Ltd,"Private Investor,Tiger Global Management LLC (Fund: Tiger Global Private Investment Partners XIV)",,40,Cash, ,Completed
INV,4/29/2026,Trimex Foods Pvt Ltd,Siguler Guff & Co LLC,,40,Cash, ,Completed
INV,6/4/2021,Hungryroot Inc,"Function Inc/NY,Catterton Partners Corp (Fund: L Catterton Growth IV LP),Lavender Lingerie LLC",,40,Cash, ,Completed
INV,11/6/2022,Senselet Food Processing PLC,PepsiCo Inc,,40,Cash, ,Withdrawn
INV,9/25/2018,Urban Plates LLC,Goldman Sachs Group Inc/The,,38,Cash, ,Completed
INV,5/5/2022,Voyage Foods,"UBS O'Connor LLC,Horizons Ventures Ltd,Social Impact Capital LLC (Fund: Social Impact Capital Fund I LP),SOSV Ltd (Fund: SOSV Select Fund LP),Level One Fund",,36,Cash, ,Completed
INV,2/14/2022,Banked Ltd,"Private Investor,Bank of America Capital Advisors LLC,Citi Ventures Inc,OM2 Dining Co Ltd,Force Over Mass Capital LLP (Fund: Force Over Mass Capital SEIS EIS Fund),Firestartr LLP,Edenred Capital Partners Ltd,NAB Ventures Pty Ltd (Fund: NAB Ventures/Fund),Love Food Ventures Pvt Ltd,Sidekick Fu...",,35,Cash, ,Completed
INV,9/25/2020,SA Hospitality Group LLC,Three Hills Capital Partners LLP,,35,Cash, ,Completed
INV,9/24/2021,Biryani by Kilo,"IvyCap Ventures Advisors Pvt Ltd (Fund: IvyCap Ventures Trust Fund II LP),SBI Investment Co Ltd (Fund: SBI AI & Blockchain LPS),Alpha Wave Global LP (Fund: Alpha Wave Ventures II LP)",,35,Cash, ,Completed
INV,9/6/2018,Sunshine Teahouse Pvt Ltd,"Private Investor,InnoVen Capital India Pvt Ltd,Think Investments LLC,Tiger Global Management LLC (Fund: Tiger Global Private Investment Partners X LP),SAIF Partners (Fund: Elevation Capital VI Ltd),Integrated Capital Asia Ltd,Pacatolus",,33.5,Cash, ,Completed
INV,1/9/2018,Mod Pizza LLC,"FMR LLC,Private Investor,GreyLion Capital LP (Fund: PWP Growth Equity Fund I LP)",,33,Cash, ,Completed
INV,2/4/2025,Via 313 Pizza Restaurant LLC,"Private Investor,Brightwood Capital Advisors LLC,Asilia Credit Investments LLC",,32.5,Cash, ,Completed
INV,12/20/2018,Sapphire Foods India Ltd,"Goldman Sachs Private Equity Group (Fund: GS Vintage VI LP),Edelweiss Financial Services Ltd (Fund: EW India Special Assets Fund)",,32.17,Cash, ,Completed
INV,10/12/2022,Vita Therapeutics Inc,"Private Investor,Maryland Technology Development Corp,Cedars-Sinai Health System,Riptide,Cambrian Biopharma Inc,Solve Fshd Holdings Ltd",,31,Cash, ,Completed
INV,4/22/2026,ATMOS Space Cargo GmbH,"Horizon Technology Finance Corp,MBG Mittelstaendische Beteiligungsgesellschaft Baden-Wuerttemberg GmbH,Kirch-LO Inc,Expansion Venture Capital LLC,Lennertz & Co US Venture & Growth Capital GmbH,Seraphim Capital General Partner LLP (Fund: Seraphim Space Venture Fund/The),Amadeus Capital Partner...",,30.1,Cash, ,Completed
INV,8/10/2023,Serve Robotics Inc,"NVIDIA Corp,Private Investor,Uber Technologies Inc,OpenDeal Inc,Wavemaker Partners LLC (Fund: Sadie Wavemaker Ventures Fund I LP)",,30,Cash, ,Completed
INV,11/15/2024,Plantible Foods Inc,"ICL Group Ltd,Chipotle Mexican Grill Inc,PIVA Inc (Fund: PIVA VC Fund I),Good Harvest Ventures SCSp (Fund: Astanor Ventures I),Siddhi Capital LLC (Fund: Siddhi Capital Fund II LP),Nourish Ventures,Betagro Ventures Co Ltd",,30,Cash, ,Completed
INV,5/21/2019,Sun Basket Inc,"Accolade Partners LP,Baseline Ventures LLC,Correlation Ventures (Fund: Correlation Ventures LP),PivotNorth Services LLC (Fund: PivotNorth Fund II LP),Founders Circle Capital LLC,Relevance Capital Inc,August Capital Corp (Fund: August Capital VII LP),Unilever Ventures Ltd (Fund: Unilever Ventu...",,30,Cash, ,Completed
M&A,8/22/2023,CardCash Inc,Giftify Inc,Guggenheim Partners LLC,28.6,"Cash, Stock & Debt", ,Completed
INV,2/11/2020,Alpha Foods LLC,"Green Monday Foundation Ltd (Fund: Green Monday Ventures LP),New Crop Capital (Fund: New Crop Capital Fund),AccelFoods LLC (Fund: AF Fund III LP),Blue Horizon Corp AG",,28,Cash, ,Completed
INV,12/9/2021,Tacombi,"Private Investor,Union Square Hospitality Group LLC (Fund: Enlightened Hospitality Investments LP),RODINAUSA Inc",,27.5,Cash, ,Completed
INV,8/3/2023,Urban Plates LLC,Morgan Stanley Venture Partners,,27,Cash, ,Completed
INV,11/16/2021,Helm.ai Inc,"Honda Motor Co Ltd,Private Investor,Base Capital LLC,JM Partners Ltd,Freeman Group LLC,HL Mando Co Ltd,Amplo Management LLC (Fund: Amplo II LP),Binnacle Partners LLC,ACVC LLC,One Way Ventures LLC (Fund: One Way Ventures Fund II LP)",,26,Cash, ,Completed
INV,5/27/2021,7shifts Employee Scheduling Software Inc,"Relay Ventures (Fund: Relay Ventures III),Ten Coves Capital LP (Fund: Financial Partners Fund II LP),Conexus Credit Union (Fund: Conexus Venture Capital Fund),Union Square Hospitality Group LLC (Fund: Enlightened Hospitality Investments II LP)",,21.5,Cash, ,Completed
INV,9/7/2018,Spyce Food Co,"Private Investor,Khosla Ventures LLC (Fund: Khosla Ventures V LP),Maveron LLC (Fund: Maveron Equity Partners VI LP),Collaborative Fund (Fund: Collaborative IV LP)",,21,Cash, ,Completed
M&A,6/5/2025,Eegee's Inc,Gladstone Capital Corp,"Knott Partners LP,Kitchen Ventures LLC,Orix Mezzanine & Private Equity,39 North Capital LLC",20.5,Cash, ,Completed
M&A,2/17/2023,PF Chang's China Bistro Inc,Paulson & Co Inc,,20,Cash, ,Completed
INV,6/25/2019,Bumi Berkah Boga PT,"Private Investor,Arrive,Serena Ventures LLC,Peak XV Partners Advisors India LLP (Fund: Sequoia Capital India Seed Fund I Ltd)",,20,Cash, ,Completed
INV,1/11/2021,Checkers Drive-In Restaurants Inc,Oak Hill Capital Partners LP,,20,Cash, ,Completed
INV,10/28/2020,Lunchbox Technologies Inc,"Private Investor,645 Ventures Management LLC (Fund: 645 Ventures II LP),Coatue Management LLC (Fund: Coatue Early Stage Fund LP),Primary Venture Partners LLC (Fund: Primary Select Fund I LP)",,20,Cash, ,Completed
INV,10/9/2018,Goldbelly Inc,"Intel Capital Corp (Fund: Intel Communications Fund),500 Startups Management Co LLC (Fund: 500 Startups II LP),645 Ventures Management LLC (Fund: 645 Ventures LP),Union Square Hospitality Group LLC (Fund: Enlightened Hospitality Investments LP)",,20,Cash, ,Completed
INV,5/31/2023,Cream Group Ltd,"Private Investor,B-Flexion Treasury Ltd,LionTree LLC (Fund: LionTree Investment Fund LP),Chimera Capital Management LLC,New Theory Ventures Operating LLC",,18,Cash, ,Completed
INV,2/27/2020,Farm to Fork Sdn Bhd,"Unnamed Buyer,Partech International Inc,JAFCO Investment Asia Pacific Ltd (Fund: JAFCO Asia Technology Fund VI LP),Woowa Brothers Corp,Rakuten Ventures (Fund: Rakuten Ventures Japan Fund),Golden Equator Capital Pte Ltd (Fund: Golden Equator Technology and Innovation Fund II),Y Combinator Inc ...",,18,Cash, ,Completed
INV,3/20/2023,Momoip LLC,"Private Investor,Ripple Foods PBC,Magic Spoon Inc,Siddhi Capital LLC (Fund: Siddhi Capital Fund II LP),Aura Bora Inc",,17.5,Cash, ,Completed
INV,11/17/2020,Everytable,"Private Investor,Creadev SASV,Gratitude Railroad LLC,Candide Group LLC,Desert Bloom Food Ventures LLC (Fund: Desert Bloom Food Ventures Fund LLC),Kaiser Permanente Ventures LLC (Fund: Kaiser Permanente Ventures Fund V)",,16,Cash, ,Completed
INV,12/23/2019,Origin Wireless Inc,"Okinawa Electric Power Co Inc/The,Unnamed Buyer,Inspire Brands Inc,Verizon Ventures LLC,Verisure Sarl",,15.9,Cash, ,Completed
INV,6/28/2021,Plant Meat Ltd,"Private Investor,Business Growth Fund Ltd (Fund: Business Growth Fund I),Lever VC (Fund: Lever VC Fund I)",,15.27,Cash, ,Completed
INV,1/20/2026,Dominion Dynamics Inc,"British Columbia Investment Management Corp,Living Ventures Management Ltd,Deer Management Co LLC (Fund: BVP Forge II LP)",,15.18,Cash, ,Completed
INV,6/6/2023,Myforest Foods Co,"Private Investor,Ecovative Design LLC",,15,Cash, ,Completed
INV,3/28/2023,StellarFinance Inc,"Oyster Funds - Italian Value,Kapital Ventures Ltd,Gaingels LLC,J2 Capital Management Inc,Vera Capital,Interplay Learning LLC,Accomplice Management LLC (Fund: Accomplice Fund II LP),ATX Seed Ventures LLC (Fund: ATX Venture Partners III LP),Acrew Capital Management Co LLC (Fund: Acrew Capital F...",,15,Cash, ,Completed
INV,4/10/2019,Dig Inn Restaurant Group LLC,Enlightened Hospitality Investments Management LLC,,15,Cash, ,Completed
INV,11/10/2021,Zak,"Valor Capital Group LLC (Fund: Valor Venture Fund II LP),Monashees Gestao de Investimentos Ltda (Fund: Monashees VIII LP),Base10 Partners Management LLC (Fund: Base10 Partners II LP),Tiger Global Management LLC (Fund: Tiger Global Private Investment Partners XIV)",,15,Cash, ,Completed
INV,8/1/2024,Mountain West Brands LLC,Stonehenge Growth Capital LLC,,14,Cash, ,Completed
INV,8/10/2021,WoodSpoon Inc,"Private Investor,Restaurant Brands International Inc,World Trade Ventures Ltd",,14,Cash, ,Completed
INV,3/22/2019,GuruCollective GmbH,"RTP Ventures,U-Start SA (Fund: U-Start Ventures),Atlantic Internet GmbH,Kanoar Ventures Sgeic SA (Fund: K Fund FCRE),Project A Ventures GmbH & Co KG (Fund: Project A Ventures Fund II),JME Venture Capital Sgeic SA",,13.56,Cash, ,Completed
INV,6/10/2020,Boomtv Inc,"Private Investor,Western Telematic Inc,Tandem Capital Management Corp,Crest Capital Ventures LLC,H Barton Asset Management LLC,Crosscut Ventures Management LLC (Fund: CrossCut Ventures 3 LP),Boost VC (Fund: Boost Fund I),Betaworks Ventures Management LLC (Fund: Betaworks Ventures 1.0 LP),Firs...",,12.76,Cash, ,Completed
M&A,7/13/2021,"1279 1st Avenue LLC,60th Street Restaurant Corp,Angelo's Pizza 1697 Inc",Bit Brother Ltd,,12.5,Cash and Stock, ,Withdrawn
M&A,5/17/2021,Food Delivery Brands Group SA,Yum! Brands Inc,"KKR Group Co Inc,Unknown Seller",12.28,Cash,0.29,Pending
INV,6/11/2025,Sauz Inc,"Strand Equity Partners,Palm Tree Crew Investments,Cavu Venture Partners LLC (Fund: CAVU Venture Partners IV LP),Coefficient Capital LLC (Fund: Coefficient Capital Fund II LP)",,12,Cash, ,Completed
INV,11/19/2021,Yay Lunch Inc,"Pritzker Group Venture Capital LLC,Alpaca VC Investment Management LLC (Fund: Corigin Ventures Fund II LP),TeamViewer SE,NewSchools Capital LLC (Fund: Reach III LP),ANIMO Ventures LLC,Valor Equity Management LLC (Fund: Valor Siren Ventures II LP)",,12,Cash, ,Completed
INV,2/11/2022,Agot Inc,"Yum! Brands Inc,Grit Labs LLC (Fund: Grit Labs Venture Fund I LP),Kitchen Ventures LLC (Fund: Kitchen Fund LP),Continental Grain Co",,12,Cash, ,Completed
INV,9/24/2020,Yummy Corp,"SoftBank Ventures Asia Corp,AppWorks Ventures Co Ltd (Fund: AppWorks Fund II),Vectr Ventures Ltd,Sovereign's Capital (Fund: Sovereign's Capital III LP),Intudo Ventures (Fund: Intudo Ventures II LP),Palm Drive Capital LLC (Fund: Palm Drive Capital III LP),Amatil X Ventures,Quest Ventures Pte L...",,12,Cash, ,Completed
M&A,4/29/2018,Benihana Holdings Pte Ltd,Minor International PCL,RHA Testamentary Trust,12,Cash, ,Completed
INV,7/24/2022,Great Wrap,"Private Investor,Giant Leap Manager Pty Ltd,Groundswell Ventures Management LLC (Fund: Groundswell Ventures LLC),W23 Pty Ltd,Trail Mix Ventures LLC (Fund: Trail Mix Ventures Fund II LP),Springbank Collective,Thai Wah Ventures,Grill'd Innovation Fund Pty Ltd,Small Giants Academy Ltd",,11,Cash, ,Completed
INV,10/20/2025,Magic AI Inc,"Unnamed Buyer,Private Investor,VCR Holdings LLC,FLOODGATE Fund LP (Fund: Floodgate Fund VII LP),Major Food Group LLC,Bling Capital (Fund: Bling Capital Fund IV LP),Lerer Hippeau Ventures Management LLC (Fund: Lerer Hippeau IX LP)",,10,Cash, ,Completed
INV,4/29/2026,O&M Restaurant Group Inc,"Private Investor,Y Combinator Inc (Fund: YC ESP22 LP),Altos Ventures Management Inc (Fund: Altos Hybrid 5 LP),645 Ventures Management LLC (Fund: 645 Ventures IV LP),Menlo Ventures Management LP (Fund: Menlo Inflection IV LP)",,10,Cash, ,Completed
INV,10/20/2022,Chip City Cookies,Union Square Hospitality Group LLC,,10,Cash, ,Completed
INV,4/4/2018,White Innovation DM 2012 Ltd,"Carl Marks & Co Inc,Sirius Venture Capital Pte Ltd",,10,Cash, ,Completed
INV,12/4/2023,Biryani by Kilo,"IvyCap Ventures Advisors Pvt Ltd (Fund: IvyCap Ventures Trust Fund II LP),Alpha Wave Global LP (Fund: Alpha Wave Ventures II LP)",,9,Cash, ,Completed
INV,7/26/2022,Holey Grail Donuts LLC,"Private Investor,Lauren & Lee Fixel Family Foundation Inc/The,Collaborative Fund (Fund: Collaborative Sustainable Solutions LP),True Venture Management LLC (Fund: True Ventures VIII LP)",,9,Cash, ,Completed
INV,3/5/2018,Muse Paintbar LLC,Chatham Capital Partners Inc,,9,Cash, ,Completed
INV,11/15/2021,Salad Stop Pte Ltd,"Temasek Holdings Pte Ltd,Vulcan Capital Management Inc,DSG Consumer Partners (Fund: DSG Consumer Partners II),K3 Ventures Pte Ltd,East Ventures (Fund: East Ventures Fund VII)",,8.87,Cash, ,Completed
INV,12/10/2019,Caer Inc,"Private Investor,JAND Inc,Uber Technologies Inc,Sweetgreen Inc,Casper Sleep Inc,SoulCycle Inc,Allbirds Inc,Harry's Inc",,8,Cash, ,Completed
INV,8/4/2021,Hale & Hearty Soups LLC,Capitala Investment Advisors LLC,,7.8,Cash, ,Completed
INV,5/9/2024,Chip City Cookies,Union Square Hospitality Group LLC,,7.5,Cash, ,Completed
INV,5/30/2019,xtra CHEF Inc,"MVP Capital Partners LLC,Laconia Capital Group LLC (Fund: Laconia Capital Group II LP),ValueStream Ventures LLC",,7.5,Cash, ,Completed
INV,3/26/2019,Alpha Foods LLC,"New Crop Capital (Fund: New Crop Capital Fund),Aligned Partners (Fund: Aligned Partners Fund III LP),AccelFoods LLC (Fund: AF Fund III LP)",,7,Cash, ,Completed
INV,3/4/2022,Tiny Rebel Games Ltd,"Animoca Brands Corp Ltd,Spin Master Inc,Sterling Capital Partners LLC,Shanghai Fenbushi Investment Management Co Ltd,CMT Digital Venture LLC,Dapper Labs Inc,1Up Ventures LLC (Fund: 1Up Ventures LP),Pirata Group Ltd,Triangle Capital Corp,Double Peak Group Ltd,Fourth Revolution Capital LLC,SkyV...",,7,Cash, ,Completed
INV,11/3/2020,Myforest Foods Co,"Private Investor,New Crop Capital (Fund: New Crop Capital Fund),Alpha Impact Investment Management Partners LLC (Fund: AiiM Partners LP),Stray Dog Capital LLC (Fund: Stray Dog Capital Fund II LP)",,7,Cash, ,Completed
INV,9/20/2018,Panda Plates Inc,"Private Investor,LaunchCapital LLC,RiverPark Ventures LP,Danone Manifesto Ventures Inc,Sonoma Brands Capital (Fund: Sonoma Brands II LP),Apple Core Holdings LLC",,7,Cash, ,Completed
INV,5/21/2020,Pathspot Technologies Inc,"Starbucks Corp,Walden Venture Capital (Fund: Walden Venture Capital VIII SBIC LP),Fika Management LLC (Fund: Fika Ventures LP),Valor Equity Management LLC (Fund: Valor Siren Ventures I LP)",,6.5,Cash, ,Completed
INV,2/21/2023,Usarium Inc,"ZX Ventures LLC,SOSV Ltd (Fund: SOSV IV LP),Traction Capital LLLP (Fund: Traction Capital Focus Fund I LLC),Techstars Central LLC (Fund: Techstars Partners 2020 LLC),Mindrock LLC",,6,Cash, ,Completed
INV,5/5/2026,Samba Technologies Pte Ltd,"FoodLabs Inc,Portage Venture Partners LLC,468 Capital GmbH & Co KG,Iterative Capital Management LP,Rally Cap Ventures LLC (Fund: Rally Cap Ventures Fund I),FJ Labs Inc (Fund: FJ Labs IV LP),White Star Capital LLC (Fund: White Star Capital IV)",,5.3,Cash, ,Completed
INV,2/13/2020,Eat Application Dmcc,"Unnamed Buyer,FA Holdings Group LLC,Middle East Venture Partners (Fund: Middle East Venture Fund III),500 Startups Management Co LLC (Fund: 500 TukTuks II LP),Derayah Ventures",,5,Cash, ,Completed
INV,11/4/2019,Chive International LLC,"Private Investor,LDR Ventures Inc,Dom Capital Group LLC",,5,Cash, ,Completed
INV,9/9/2021,Octopus Network Team/The,"Meridian Capital Partners Inc,Private Investor,Autonomy Capital,Norbain SD Ltd,VIC Group SP ZOO,LCG Capital Advisors LLC,GTA Ventures LLC,Youbi Capital,Elevate Capital (Fund: Elevate Capital Fund II LLC),Jubi Labs,Bigcoin Capital,Continue Capital,Jigsaw Investment Partners Inc",,5,Cash, ,Completed
INV,3/7/2022,Lypid,"Private Investor,SOSV Ltd (Fund: SOSV IV LP),Big Idea Ventures LLC (Fund: New Protein Fund I LP),Foodland Ventures LLC,Green Generation Management GmbH (Fund: Green Generation Fund)",,4,Cash, ,Completed
INV,4/14/2025,Clearcogs Inc,"Hearst Corp/The,Level Up Ventures/NY,Closed Loop Partners LLC (Fund: Closed Loop Growth Opportunities Fund LP),Myriad Venture Partners LLC (Fund: Myriad Ventures Fund I LP)",,3.8,Cash, ,Completed
INV,11/21/2022,Bright Biotech Ltd,"Private Investor,Big Idea Ventures LLC (Fund: New Protein Fund I LP),CPT Capital LLP,Atlantic Food Labs GmbH (Fund: Foodlabs Venture Fund I),Hack Ventures Ltd",,3.2,Cash, ,Completed
INV,7/9/2020,RealEats Inc,"Private Investor,Armory Square Ventures LP/NY (Fund: Armory Square Ventures LP),Excell Partners Inc (Fund: Excell Finger Lakes Forward Venture Capital Fund)",,2.8,Cash, ,Completed
INV,3/15/2023,Entree,"Private Investor,Pillar Cos Management LLC,M25 Group LLC (Fund: M25 Fund III LP),Community Fund/The,Hustle Fund Management LLC (Fund: Hustle Fund III LP)",,2.5,Cash, ,Completed
M&A,9/25/2025,2465 N Campbell Ave/Tucson,Union Square Hospitality Group LLC,JP Morgan H&Q,2.4,Cash, ,Completed
INV,12/2/2019,Lunchbox Technologies Inc,"Private Investor,645 Ventures Management LLC (Fund: 645 Ventures II LP),Primary Venture Partners LLC (Fund: Primary Select Fund I LP)",,2.1,Cash, ,Completed
INV,2/22/2021,Project Well Inc,"Private Investor,Primetime Partners Management Co LLC (Fund: Primetime Partners Fund I LP),S2G Ventures LLC (Fund: S2G Oceans and Seafood Fund)",,2,Cash, ,Completed
INV,7/1/2022,Evolved Meats,"Maple Leaf Foods Inc,Private Investor,Big Idea Ventures LLC (Fund: New Protein Fund I LP)",,2,Cash, ,Completed
INV,8/27/2021,Stonehenge Technology Labs LLC,"Red Tail Ventures LLC,Gaingels LLC,IrishAngels Inc (Fund: IrishAngels Venture Fund I LP),Bonfire Ventures Management LLC (Fund: Bonfire Ventures I LP),Angeles Investors Inc,Bread and Butter Ventures (Fund: Bread & Butter Ventures Fund III LP)",,2,Cash, ,Completed
INV,4/7/2020,Maverix Platforms Pvt Ltd,"Private Investor,Zephyr Management LP (Fund: Zephyr Peacock India Fund III Ltd),Bundl Technologies Pvt Ltd,RB Investments Pte Ltd,Accel Partners LP (Fund: Accel XIII LP)",,1.85,Cash, ,Completed
INV,10/29/2024,KRNL Labs LLC,"Unnamed Buyer,TRG Capital LLC,Stix Holdings LLC,Blockchain Founders Fund (Fund: Blockchain Founders Fund II),Builders Capital,Superscrypt LLC,YAP Capital GmbH,Wagmi Ventures Inc",,1.7,Cash, ,Completed
INV,3/1/2021,Argoid Analytics Inc,"YourNest Capital Advisors Pvt Ltd/India,Turbostart Global Events LLP,Catch NYC Inc,Team Launchpad",,1.7,Cash, ,Completed
INV,4/30/2020,Foodie Card Inc,"Private Investor,Hidden Valley Capital LLC",,1.5,Cash, ,Completed
INV,9/13/2018,EquityBee Inc,"Private Investor,10bis.co.il Ltd\Israel,PlayBuzz Ltd,Wework Inc/NY",,1.5,Cash, ,Completed
M&A,9/9/2020,Guokui Management Inc,Bit Brother Ltd,,0.4,Cash, ,Pending
INV,8/11/2020,ZhenMeat,"Private Investor,Big Idea Ventures LLC (Fund: New Protein Fund I LP)",,0.2,Cash, ,Completed
INV,2/26/2019,Maverix Platforms Pvt Ltd,"Zephyr Management LP (Fund: Zephyr Peacock India Fund III Ltd),Bundl Technologies Pvt Ltd,Accel Partners LP (Fund: Accel XIII LP)",,0.06,Cash, ,Completed
M&A,2/18/2022,Denross Ltd,WW International Inc,,0,Cash, ,Completed
M&A,2/17/2023,Checkweight Ltd,WW International Inc,,0,Cash, ,Completed
M&A,1/31/2024,Forking Group Agency/The,Foodie Card Inc,,N/A,Undisclosed, ,Completed
M&A,2/26/2024,Fresh Picks Cafe LLC,Whitson's Food Service Corp,,N/A,Undisclosed, ,Completed
M&A,3/11/2024,Digital Restaurants SA,Hungry House Inc,,N/A,Undisclosed, ,Completed
M&A,3/27/2024,TheTakeout.com,Static Media LLC,G/O Media Inc/DE,N/A,Cash, ,Completed
M&A,1/8/2024,Riverside At Maggies LLC,1812 Brewing Co Inc,,N/A,Undisclosed, ,Pending
INV,3/10/2025,Lunchbox Technologies Inc,"Unnamed Buyer,Shift4 Payments Inc",,N/A,Cash, ,Completed
M&A,2/10/2026,Blue Ribbon IP LLC,Wonder Group Inc/NY,Flexible Fish Corp,N/A,Undisclosed, ,Completed
M&A,3/27/2023,Firebirds International LLC,Garnett Station Capital Partners LLC,JH Whitney Capital Partners LLC,N/A,Cash, ,Completed
M&A,11/13/2023,JOE & The Juice Holding A/S,General Atlantic LP,Valedo Partners,N/A,Cash, ,Completed
M&A,3/13/2025,RCM Co,"TPG Capital LP/US,Blackstone Inc,General Atlantic LP,Hillhouse Investment Management Ltd",,N/A,Cash, ,Proposed
INV,3/3/2025,Broadway Hospitality LLC,Authentic Restaurant Brands,,N/A,Undisclosed, ,Pending
M&A,3/4/2025,Lenwich 23rd LLC,Pacific General Holdings LLC,,N/A,Undisclosed, ,Completed
M&A,12/31/2024,Krispy Kreme Doughnut Corp,CureFoods Pvt Ltd,Landmark Group Inc/The,N/A,Undisclosed, ,Completed
M&A,1/28/2025,Glendale Dining Services Inc,Whitson's Food Service Corp,,N/A,Cash, ,Completed
INV,4/3/2025,Smash Kitchen & Bar,Collaborative Fund,,N/A,Cash, ,Completed
INV,3/2/2023,Sevenrooms Inc,"Private Investor,Union Square Hospitality Group LLC (Fund: Enlightened Hospitality Investments II LP)",,N/A,Cash, ,Completed
M&A,12/3/2024,Argoid Analytics Inc,Amagi Media Labs Pvt Ltd,"YourNest Capital Advisors Pvt Ltd/India,Turbostart Global Events LLP,Catch NYC Inc,Team Launchpad",N/A,Cash, ,Completed
M&A,7/12/2023,Benihana Inc,Potential Buyer,Angelo Gordon & Co LP,N/A,Cash, ,Withdrawn
M&A,5/10/2024,Red Lobster Management LLC,Fortress Investment Group LLC,Thai Union Group PCL,N/A,Cash, ,Withdrawn
M&A,9/8/2025,Freddy's LLC,Rhone Group LLC,Thompson Street Capital Partners LLC,N/A,Cash, ,Completed
M&A,12/16/2025,California Pizza Kitchen Inc,"Aurify Brands LLC,Eldridge Industries LLC,Consortium Brand Partners LLC,Convive Brands LLC","Praxair Peru Srl,Golden Gate Capital LP (Fund: Golden Gate Capital Opportunity Fund LP)",N/A,Cash, ,Pending
INV,3/3/2026,Kkinee Inc,CRIT Ventures Co Ltd,,N/A,Cash, ,Completed
M&A,2/5/2026,Bob Evans Restaurants LLC,4x4 Capital LLC,Golden Gate Capital LP,N/A,Cash, ,Completed
M&A,11/30/2025,EL Jannah Franchise Co Pty Ltd,General Atlantic LP,,N/A,Cash, ,Completed
M&A,2/22/2024,Newk's Holding Co LLC,FSC Franchise Co LLC,Sentinel Capital Partners LLC,N/A,Cash, ,Pending
M&A,10/27/2025,Costa Coffee Ltd,KKR & Co Inc,Coca-Cola Co/The,N/A,Cash, ,Proposed
INV,10/30/2025,La La Land Kind Cafe LLC,Stripes LLC,,N/A,Cash, ,Completed
M&A,10/7/2025,Cenavera Nutrition LLC,Nautic Partners LLC,Harkness Capital Partners LP,N/A,Cash, ,Completed
M&A,10/29/2025,Project BarFly LLC,Uncommon Denominator LLC,,N/A,Cash, ,Completed
M&A,9/17/2025,Cactus Moon Lodge,Delaware North Cos Inc,,N/A,Undisclosed, ,Completed
M&A,7/10/2025,Delaware North Cos Travel Hospitality Services Inc,Areas SAU,Delaware North Cos Inc,N/A,Undisclosed, ,Pending
M&A,5/19/2023,Renzi Foodservice,US Foods Holding Corp,,N/A,Undisclosed, ,Pending
M&A,6/17/2024,Kats on Markets Inc,Pearl Meyer & Partners LLC,,N/A,Undisclosed, ,Completed
M&A,6/18/2024,Future Hospitality Ventures Holdings Inc,NightFood Holdings Inc,,N/A,Undisclosed, ,Completed
M&A,4/24/2024,Tropical Smoothie Cafe LLC,Blackstone Inc,Levine Leichtman Capital Partners Inc,N/A,Cash, ,Completed
M&A,5/30/2024,Family Style Food Festival LLC,Complex Media Inc,,N/A,Undisclosed, ,Completed
M&A,3/2/2023,All Your Foods USA Inc,Food Culture Inc,World Moto Inc,N/A,Undisclosed, ,Pending
M&A,3/29/2023,Twelve Oaks Catering Co LC,Riveter Capital LLC,,N/A,Undisclosed, ,Completed
M&A,2/13/2023,"Seifer Distributors Inc,Gold & Reiss Kitchens",Express Kitchens Holding LLC,,N/A,Undisclosed, ,Completed
M&A,6/23/2023,Pinstripes Inc,Pinstripes Holdings Inc,,N/A,Stock, ,Completed
INV,11/15/2023,Qu POS Inc,Union Square Hospitality Group LLC,,N/A,Cash, ,Completed
M&A,9/8/2023,"Keck'S Food Service Inc,EB Thomsen Inc,M&V Provision Co Inc,GOP Enterprises LLC",Legacy Food Group LLC,,N/A,Undisclosed, ,Completed
M&A,8/15/2023,Fogo De Chao Inc,Bain Capital Private Equity LP,Rhone Capital LLC,N/A,Cash, ,Completed
INV,8/18/2023,Outback Steakhouse International LLC,Starboard Value LP,Bloomin' Brands Inc,N/A,Cash, ,Completed
INV,8/14/2024,Tacala LLC,"Management Group,W Capital Management LLC,Owl Rock Capital Advisors LLC,Kline Hill Partners LLC,Pantheon Ventures Ltd (Fund: Pantheon Global Co-Investment Opportunities Fund V LP),Altamont Capital Management LLC/CA (Fund: ACP Investment Fund IV LP),Adams Street Partners LLC (Fund: Adams Stree...",,N/A,Cash, ,Completed
M&A,7/10/2024,MOD Super Fast Pizza Holdings LLC,Elite Restaurant Group Inc,Clayton Dubilier & Rice LLC,N/A,Cash, ,Completed
INV,9/25/2024,Metro Franchising Commissary LLC,Beach Point Capital Management LP,,N/A,Cash, ,Completed
INV,1/5/2024,OTG Experience LLC,"Oak Hill Advisors LP,Centerbridge Partners LP,Sculptor Capital LP,Oaktree Capital Management LP,CPPIB Credit Investments Inc",,N/A,Cash, ,Withdrawn
M&A,8/8/2024,Arbor Management Inc,Whitson's Food Service Corp,,N/A,Undisclosed, ,Completed
INV,8/12/2024,Starbucks Corp,Starboard Value LP,,N/A,Undisclosed, ,Completed
INV,2/8/2024,MH Alshaya Co WLL,Apollo Global Management Inc,,N/A,Cash, ,Withdrawn
M&A,1/29/2025,Mark Dennard Enterprises Inc,Goode Partners LLC,,N/A,Cash, ,Completed
M&A,1/30/2024,bistroMD LLC,Marley Spoon Group SE,AUA Private Equity Partners LLC,N/A,Cash, ,Pending
M&A,2/20/2025,Nobu Hotel London Shoreditch,Limestone Capital AG,Nobu Hospitality LLC,N/A,Cash, ,Completed
INV,5/29/2023,Burger King Corp,"Advent International Corp,General Atlantic LP",Everstone Capital Advisors Pvt Ltd,N/A,Cash, ,Withdrawn
M&A,3/25/2025,Lenwich Holdings LLC,Lafayette Square Holding Co LLC,,N/A,Undisclosed, ,Completed
M&A,7/30/2025,Underwood Catering Inc,Whitson's Food Service Corp,,N/A,Undisclosed, ,Completed
M&A,8/26/2024,Unnamed Target,BTG Leisure Holdings Ltd,Conversion Venture Capital LLC,N/A,Cash, ,Pending
M&A,5/26/2023,JOE & The Juice A/S,Potential Buyer,"General Atlantic LP,Valedo Partners,Unknown Seller",N/A,Cash, ,Withdrawn
INV,6/25/2025,Lukes Seafood LLC,Whole Foods Market Inc,,N/A,Undisclosed, ,Completed
M&A,12/2/2024,Luna Park Sydney Pty Ltd,Oscars Group Pty Ltd,Brookfield Corp,N/A,Cash, ,Pending
M&A,11/19/2024,Jersey Mike's Franchise Systems Inc,Blackstone Inc,,N/A,Cash, ,Pending
INV,12/18/2023,Nitricity Inc,Chipotle Mexican Grill Inc,"Khosla Ventures LLC (Fund: Khosla Ventures VII LP),MCJ Collective LP,Energy Impact Partners LP (Fund: EIP Deep Decarbonization Frontier Fund I LP),Fine Structure Ventures,Lowercarbon Capital LLC (Fund: Lowercarbon 411.2 LP)",N/A,Cash, ,Completed
M&A,7/30/2025,Abbey Group,Whitson's Food Service Corp,,N/A,Undisclosed, ,Completed
INV,7/31/2025,Arctic Annecy Sarl,"Private Investor,BoltRock Holdings LLC",,N/A,Cash, ,Completed
M&A,6/17/2024,"HJH LLC,Ramen Aku LLC,Jjanga LLC",Vestand Inc,,N/A,Undisclosed, ,Completed
M&A,9/16/2025,Brew Culture LLC,Franchise Equity Partners LP,,N/A,Undisclosed, ,Completed
M&A,9/4/2025,FI Holdings Ltd,"TriSpan LLP (Fund: TriSpan Opportunities II LP),McWin Capital Partners Ltd",,N/A,Cash, ,Completed
M&A,9/3/2025,Sphera Franchise Group SA,Blackstone Inc,,N/A,Cash, ,Pending
M&A,6/13/2019,Pei Wei Asian Diner LLC,PWD Acquisition LLC,Centerbridge Partners LP,N/A,Cash, ,Completed
M&A,4/4/2019,Stribling & Associates Ltd,Compass Group PLC,,N/A,Undisclosed, ,Pending
M&A,4/4/2019,M Restaurants Ltd,Rare Restaurant Group LLC,,N/A,Undisclosed, ,Completed
INV,4/11/2019,Gather Technologies Inc,Union Square Hospitality Group LLC,,N/A,Cash, ,Completed
M&A,4/22/2019,8 Taco Bell restaurants/US,"Orangewood Partners LLC,ABDD Capital Management LLC",,N/A,Cash, ,Completed
INV,4/26/2019,Bagatelle NYC,"Nextstage SCA,M13 Ventures Management LLC (Fund: M13 Ventures II LP)",,N/A,Cash, ,Completed
INV,3/1/2019,Zak,"Valor Capital Group LLC (Fund: Valor Venture Fund II LP),Monashees Gestao de Investimentos Ltda (Fund: Monashees VIII LP),Unblock Ventures Ltd,Base10 Partners Management LLC (Fund: Base10 Partners II LP),Canary Management Eireli (Fund: Canary Anchors Fund II LP)",,N/A,Cash, ,Completed
M&A,3/4/2019,PF Chang's China Bistro Inc,"Cowen Inc,Paulson & Co Inc (Fund: Paulson Real Estate Fund II LP)",Centerbridge Partners LP,N/A,Cash, ,Completed
M&A,3/25/2019,Dynamic Yield Ltd,McDonald's Corp,"New York Times Co/The,ProSiebenSat.1 Media SE,GFC Global Founders Capital SARL (Fund: Global Founders Fund GmbH),La Maison de L'Investisseur Paris Sarl,Deer Management Co LLC (Fund: Bessemer Venture Partners VIII LP),Marker LLC,Viola Group Inc (Fund: Viola Growth II LP),Deutsche Telekom Strat...",N/A,Cash, ,Completed
M&A,8/6/2019,Good Uncle Services LLC,Aramark,,N/A,Undisclosed, ,Completed
M&A,8/6/2019,Bento Box GmbH,Fox Corp,,N/A,Cash, ,Completed
M&A,8/23/2019,Dirtybird Restaurants Ltd,Crown Partnership Inc,,N/A,Undisclosed, ,Completed
INV,8/29/2019,Motel One GmbH,Proprium Capital Partners LP,Morgan Stanley Real Estate,N/A,Cash, ,Completed
M&A,8/4/2020,Big Table Ltd/The,Epiris Managers LLP,"KKR Group Co Inc,Pemberton Capital Advisors LLP,Tragus Lux Holdings,Unknown Seller",N/A,Cash, ,Completed
M&A,8/18/2020,InstEvent Inc,Seated Technologies Inc,"Victoria Grace Catering LLC,Kindler Capital LLC,I2BF Global Ventures (Fund: I2BF-RNC Strategic Resources Fund),Cayuga Venture Fund (Fund: Cayuga Venture Fund IV LP),MI Ventures LLC/NY,Unknown Seller",N/A,Cash, ,Completed
M&A,1/8/2019,Westbury Street Holdings Ltd,Clayton Dubilier & Rice LLC,,N/A,Cash, ,Completed
M&A,1/8/2019,Firebirds International LLC,JH Whitney Capital Partners LLC,Angelo Gordon & Co LP,N/A,Cash, ,Completed
INV,2/3/2019,Shorecal Ltd,"Private Investor,Domino's Pizza Group PLC,Bronfman Family Office",,N/A,Cash, ,Completed
INV,2/12/2019,Hudson Yards Catering LLC,Compass Group PLC,,N/A,Cash, ,Completed
INV,2/13/2019,Turning Point Holding Co LLC,"Larsen MacColl Partners LP (Fund: Larsen MacColl Partners III LP),NewSpring Capital Inc (Fund: NewSpring Mezzanine Capital III LP)",,N/A,Cash, ,Completed
INV,2/15/2019,Gregorys Coffee Inc,"Ocean Avenue Capital Partners LP (Fund: Ocean Avenue Fund IV LP),Kitchen Ventures LLC (Fund: Kitchen Fund LP)",,N/A,Cash, ,Completed
INV,2/19/2019,Kidfresh Foundation for Children's Wellness,"Private Investor,Emil Capital Partners LLC,AccelFoods LLC (Fund: AccelFoods Fund II LP),Monogram Capital Partners LLC",,N/A,Cash, ,Completed
M&A,2/2/2026,Tailwind Hospitality Inc,Crestview Partners LP/NY,Palladin Consumer Retail Partners LLC,N/A,Cash, ,Completed
INV,1/22/2020,Founders Table Restaurant Group,"Constitution Capital Partners LLC,Catterton Partners Corp (Fund: L Catterton IX LP)",,N/A,Cash, ,Completed
INV,1/30/2020,Vati Service Co Ltd,Neuberger Berman Group LLC,Nippon Sangyo Suishin Kiko Ltd,N/A,Cash, ,Completed
M&A,7/4/2020,Azzurri Group Ltd,TowerBrook Capital Partners LP,,N/A,Cash, ,Completed
M&A,7/28/2020,Srg Operations LLC,Sortis Holdings Inc,"Unnamed Seller,Bain Capital Venture Partners LLC (Fund: Bain Capital Double Impact Fund LP),Kitchen Ventures LLC (Fund: Kitchen Fund LP)",N/A,Cash, ,Completed
INV,2/24/2020,Revolucion Holdings Inc,Beekman Group LLC/The,,N/A,Cash, ,Completed
INV,2/26/2020,Kidfresh Foundation for Children's Wellness,"Private Investor,Emil Capital Partners LLC,AccelFoods LLC (Fund: AccelFoods Fund II LP),Monogram Capital Partners LLC",,N/A,Cash, ,Completed
M&A,6/2/2020,Krystal Co/The,Fortress Investment Group LLC,Argonne Capital Group LLC,N/A,Cash, ,Completed
M&A,3/12/2020,22 franchised restaurants/Buffalo Wild Wings,Inspire Brands Inc,ICV Capital Partners LLC,N/A,Cash, ,Completed
INV,3/23/2020,Shenzhen Meixixi Catering Management Co Ltd,"Unnamed Buyer,Hillhouse Investment Management Ltd (Fund: Hillhouse Capital Fund IV LP),Coatue Management LLC (Fund: Coatue Early Stage Fund LP)",,N/A,Cash, ,Completed
M&A,3/31/2020,Famar Business/ Southern perimeter,"York Capital Management Global Advisors LLC,Elements Capital Co Ltd",Marinopoulos Group,N/A,Cash, ,Completed
M&A,5/14/2020,Alpha Foods LLC,Sylphar NV,"Private Investor,Green Monday Foundation Ltd (Fund: Green Monday Ventures LP),New Crop Capital (Fund: New Crop Capital Fund),Aligned Partners (Fund: Aligned Partners Fund III LP),AccelFoods LLC (Fund: AF Fund III LP),Blue Horizon Corp AG",N/A,Cash, ,Completed
M&A,5/1/2026,OTB Acquisition LLC,Pappas Restaurants Inc,"Fortress Investment Group LLC,Argonne Capital Group LLC",N/A,Cash, ,Completed
INV,12/17/2020,Snooze Holdco Inc,"Stripes LLC (Fund: Stripes III LP),Brentwood Associates Inc (Fund: Brentwood Associates Private Equity VI LP),Alliance Consumer Growth LLC (Fund: Alliance Consumer Growth Fund IV LP)",,N/A,Cash, ,Completed
M&A,12/15/2021,Punch Pubs & Co Ltd,Fortress Investment Group LLC,Patron Capital Advisers LLP,N/A,Cash, ,Completed
INV,12/17/2021,Hangzhou Adopt Yidiu Biotechnology Co Ltd,"KKR & Co Inc (Fund: KKR Asian Fund IV SCSp),DCP Capital Partners (Fund: DCP Capital Partners II LP),Ningbo Meishan Bonded Port Meixing Investment Management Co Ltd (Fund: DragonBall Capital Fund I),Zhejiang Guming Technology Co Ltd",,N/A,Cash, ,Completed
INV,12/20/2021,PJW Restaurant Group,Garnett Station Capital Partners LLC,,N/A,Cash, ,Completed
M&A,12/21/2021,Dynamic Yield Ltd,Mastercard Inc,McDonald's Corp,N/A,Undisclosed, ,Completed
INV,11/9/2021,Mambo Seafood,Garnett Station Capital Partners LLC,,N/A,Cash, ,Completed
M&A,11/12/2021,Healthy Lunch Box Inc,Riveter Capital LLC,,N/A,Undisclosed, ,Completed
M&A,11/12/2021,DEW-Drink Eat Well LLC,PlantPlus Foods LLC,VG Growth Partners LLC,N/A,Undisclosed, ,Completed
INV,11/22/2021,VERY Food co/The,Big Idea Ventures LLC,,N/A,Cash, ,Completed
INV,11/22/2021,Bright Biotech Ltd,Big Idea Ventures LLC,,N/A,Cash, ,Completed
INV,11/22/2021,Fybraworks Foods Inc,Big Idea Ventures LLC,,N/A,Cash, ,Completed
M&A,1/3/2022,Primanti Bros Restaurant Corp,Authentic Restaurant Brands,Catterton Partners Corp,N/A,Cash, ,Completed
M&A,2/7/2022,Listtee Inc,Yummy Corp,,N/A,Undisclosed, ,Completed
INV,2/16/2022,Metz Culinary Management Inc,NexPhase Capital LP,,N/A,Cash, ,Completed
M&A,2/28/2022,Restaurant Technologies Inc,"Energy Capital Partners LLC,Union Square Hospitality Group LLC (Fund: Enlightened Hospitality Investments LP),Continental Grain Co",GS Infrastructure Partners,N/A,Cash, ,Completed
M&A,4/5/2022,Foodcare Co Ltd/Korea,Morgan Stanley Private Equity,,N/A,Cash, ,Completed
M&A,4/27/2021,Hakkasan Holdings LLC,Sphere Entertainment Co,Hakkasan USA Inc,N/A,Undisclosed, ,Completed
M&A,5/10/2021,EAT Club Inc,Compass Group PLC,"Sodexo SA,LaunchCapital LLC,Tekton Ventures,First Round Capital (Fund: First Round Capital IV LP),August Capital Corp (Fund: August Capital VI LP),Great Oaks Venture Capital (Fund: Great Oaks Venture Fund LP),Wavemaker Partners LLC (Fund: Siemer Ventures Fund I),TVL Management Corp (Fund: Tri...",N/A,Cash, ,Completed
M&A,2/26/2021,Dynamic Yield Ltd,Mastercard Inc,McDonald's Corp,N/A,Undisclosed, ,Completed
M&A,1/5/2021,Blue Moon Fish Co,Ark Restaurants Corp,Prakas & Co,N/A,Undisclosed, ,Completed
INV,1/28/2021,Zhejiang Guming Technology Co Ltd,"Unnamed Buyer,Coatue Management LLC (Fund: Coatue Early Stage Fund LP)",,N/A,Cash, ,Completed
INV,1/31/2021,Dean & DeLuca Inc,Siam Commercial Bank PCL/The,,N/A,Undisclosed, ,Completed
INV,5/19/2022,Sweet Chick Life Inc,"DOS Toros Holdings LLC,Founders Table Restaurant Group",,N/A,Cash, ,Completed
M&A,5/19/2022,Unnamed Target,Yo Health Inc,,N/A,Undisclosed, ,Pending
M&A,5/23/2022,Captain D's LLC,Centre Partners Management LLC,Sentinel Capital Partners LLC,N/A,Cash, ,Completed
M&A,6/7/2022,NovaDine Inc,Lunchbox Technologies Inc,,N/A,Undisclosed, ,Pending
M&A,6/14/2022,Cardenas Markets LLC,Apollo Global Management Inc,"Victory Park Capital Advisors LLC,Mi Pueblo Mexican Restaurant LC,KKR & Co Inc (Fund: KKR Americas Fund XII LP)",N/A,Cash, ,Completed
M&A,8/9/2022,Qdoba Restaurant Corp,"Butterfly Equity LLC (Fund: Butterfly Fund III LP),King Street Capital Management LP (Fund: Global Drawdown Fund)",Apollo Asset Management Inc,N/A,Cash, ,Pending
M&A,8/9/2022,Qdoba Restaurant Corp,"King Street Capital Management LP,Butterfly Equity LLC",Apollo Global Management Inc,N/A,Cash, ,Pending
M&A,8/30/2022,Hearst Magazines Media Inc,Lunchbox Technologies Inc,,N/A,Undisclosed, ,Completed
INV,9/26/2022,Soul Foods Ltd,"Centerbridge Partners LP (Fund: Centerbridge Capital Partners IV LP),Metric Capital Partners LLP (Fund: MCP Private Capital Fund IV SCSP),OpCapita LLP (Fund: OpCapita Consumer Opportunities Fund III LP)",,N/A,Cash, ,Completed
M&A,9/28/2022,Draft Label Technologies Inc,Acquisition Corp,Victory Square Technologies Inc,N/A,Cash, ,Withdrawn
M&A,10/4/2022,P&C NG Inc,Delaware North Cos Inc,,N/A,Undisclosed, ,Completed
M&A,10/25/2022,Tumble 22 Holdings LLC,"Private Investor,Rosser Capital Partners,Bruckmann Rosser Sherrill & Co LLC (Fund: BRS & Co IV LP)",,N/A,Cash, ,Completed
INV,4/16/2026,JOE & The Juice Holding A/S,Emirates International Investment Co LLC,General Atlantic LP,N/A,Cash, ,Completed
M&A,11/2/2020,FIC Restaurants Inc,Amici Partners Group LLC,,N/A,Undisclosed, ,Completed
INV,11/18/2020,Zaxby's Operating Co LP,Goldman Sachs Merchant Banking Division,,N/A,Undisclosed, ,Completed
M&A,7/16/2019,Chefsteps Inc,Breville Group Ltd,,N/A,Undisclosed, ,Completed
M&A,7/16/2019,Stay Fresh Foods LLC,Universal Pure Holdings LLC,,N/A,Undisclosed, ,Completed
M&A,7/18/2019,Jack's Family Restaurants Inc,AEA Investors LP,Onex Corp,N/A,Cash, ,Completed
M&A,7/31/2019,Gourmet Kitchen Inc,"Management Group,Gourmet Culinary Partners LLC",,N/A,Undisclosed, ,Completed
M&A,7/31/2019,Mr Delivery/TX,Delivery.com LLC,,N/A,Undisclosed, ,Completed
INV,10/1/2020,ItsaCheckmate Inc,Inspire Brands Inc,,N/A,Cash, ,Completed
INV,9/23/2020,GA Foods Inc,Warburg Pincus LLC,,N/A,Cash, ,Completed
M&A,11/5/2019,"Shanghai Yuanshu Catering Management Co Ltd,Hao Noodle and Tea LLC,Hao Noodle LLC,Shanghai Haocui Catering Management Co Ltd",Haidilao International Holding Ltd,,N/A,Undisclosed, ,Pending
INV,11/8/2019,TGI Friday's Inc,Allegro Merger Corp,"Sentinel Capital Partners LLC,TriArtisan Capital Partners LLC",N/A,Cash or Stock, ,Terminated
INV,10/1/2019,Revolution Gelato Inc,Big Idea Ventures LLC,,N/A,Cash, ,Completed
M&A,10/3/2019,Gold Star Foods Inc,Highview Capital LLC,Castle Harlan Inc,N/A,Cash, ,Completed
INV,10/18/2019,HoneyFlower Foods LLC,Third Prime Capital Management LLC,,N/A,Cash, ,Completed
M&A,5/17/2018,Farm Hill,EAT Club Inc,"Liberty City Ventures (Fund: Digital Currency Fund),Eagle Cliff Partners LLC,Stanford-StartX Fund LLC,Soma Capital Management LLC",N/A,Cash, ,Completed
M&A,5/28/2018,Pubs/Wesfarmers Ltd,KKR & Co Inc,Wesfarmers Ltd,N/A,Cash, ,Withdrawn
INV,3/21/2018,Hungryroot Inc,"KarpReilly LLC (Fund: KarpReilly Capital Partners II LP),Crosslink Capital Inc (Fund: Crosslink Ventures VII LP),Lerer Hippeau Ventures Management LLC (Fund: Lerer Hippeau Ventures V LP),Lightspeed Management Co LLC (Fund: Lightspeed Venture Partners XI LP)",,N/A,Cash, ,Completed
M&A,4/4/2018,M+F Catering Inc,Corporate Essentials LLC,,N/A,Undisclosed, ,Completed
M&A,4/4/2018,Rosa Mexicano Co,Trispan Rising Stars LP,Goode Partners LLC,N/A,Cash, ,Completed
INV,4/5/2018,by CHLOE.,"TPG Growth LLC (Fund: Rise Fund LP),Qoot Holding Co,E2 Hospitality,Collaborative Fund (Fund: Collaborative IV LP),Bain Capital Venture Partners LLC (Fund: Bain Capital Venture Fund 2019 LP),Kitchen Ventures LLC (Fund: Kitchen Fund LP)",,N/A,Cash, ,Completed
INV,4/10/2018,Srg Operations LLC,"Bain Capital Venture Partners LLC (Fund: Bain Capital Double Impact Fund LP),Kitchen Ventures LLC (Fund: Kitchen Fund LP)",,N/A,Cash, ,Completed
INV,1/3/2018,Buddy's Rendezvous-Pizzeria Inc,CapitalSpring LLC,,N/A,Cash, ,Completed
M&A,2/1/2018,Huddle House Inc,Private Investor,Sentinel Capital Partners LLC,N/A,Cash, ,Completed
M&A,6/20/2018,EdgiLife Media Inc,SnackNation,"Kapor Capital,500 Startups Management Co LLC (Fund: 500 Startups LP),Great Oaks Venture Capital (Fund: Great Oaks Venture Fund LP),Ironfire Capital LLC (Fund: Ironfire Capital US Fund LP),TEEC Angels (Fund: TEEC Angel Fund II LP),Scrum Ventures LLC (Fund: Scrum Ventures Fund I LP)",N/A,Cash, ,Completed
M&A,6/21/2018,Native Foods Cafe LLC,Millstone Capital Advisors LLC,"Unnamed Seller,NGEN Partners LLC (Fund: NGEN III LP)",N/A,Cash, ,Completed
INV,7/11/2018,Bluestone Lane Roasting LLC,RSE Ventures LLC,,N/A,Cash, ,Completed
M&A,7/20/2018,Insomnia Cookies LLC,Krispy Kreme Inc,,N/A,Undisclosed, ,Completed
M&A,9/4/2018,AmeriCanna Cafe,Priority Aviation Inc,North American Cannabis Holdings Inc,N/A,Debt, ,Completed
M&A,9/10/2018,Big Table Ltd/The,"KKR Group Co Inc,Pemberton Capital Advisors LLP",Tragus Lux Holdings,N/A,Cash, ,Completed
M&A,9/24/2018,Hicks Design Group Inc,Hospitality House Capital Markets LLC,,N/A,Undisclosed, ,Completed
M&A,9/25/2018,Stacked Restaurants LLC,"TriSpan LLP,Hargett Hunter Capital Partners LLC",Pryor Cashman LLP,N/A,Cash, ,Completed
M&A,10/10/2018,Eegee's Inc,"Knott Partners LP,Private Investor,Kitchen Ventures LLC,Orix Mezzanine & Private Equity,39 North Capital LLC",,N/A,Cash, ,Completed
M&A,10/19/2018,Chef's Plate Inc,HelloFresh SE,"Comerica Inc,Emil Capital Partners LLC,Acton Capital Partners GmbH (Fund: Acton Fund IV),BrandProject LP,Unknown Seller,Investeco Capital Corp (Fund: Investeco Sustainable Food Fund II LP)",N/A,Cash, ,Completed
M&A,11/1/2018,Logan's Roadhouse Inc,CraftWorks Restaurants & Breweries Inc,Kelso & Co LP,N/A,Cash, ,Completed
M&A,11/15/2018,Technology Crops LLC,Natures Crops Inc,Benefit Street Partners LLC,N/A,Cash, ,Completed
M&A,12/7/2018,Foodydirect.com Inc,Goldbelly Inc,,N/A,Undisclosed, ,Completed
INV,3/9/2021,bistroMD LLC,AUA Private Equity Partners LLC,,N/A,Cash, ,Completed
INV,3/25/2021,Homestyle Direct LLC,Harkness Capital Partners LP,,N/A,Cash, ,Completed
INV,3/30/2021,Shanghai Zansi Catering Management Co Ltd,"IDG Capital Investment Consultant Beijing Co Ltd (Fund: IDG China Capital Fund III),Morningside Venture Capital Ltd (Fund: 5Y Capital Growth Fund I LP)",,N/A,Cash, ,Completed
INV,6/2/2021,NotCo SpA,Union Square Hospitality Group LLC,,N/A,Cash, ,Completed
INV,6/2/2021,NotCo Inc,Union Square Hospitality Group LLC,,N/A,Cash, ,Completed
M&A,6/8/2021,Dutch Weed Burger BV/The,LIVEKINDLY Collective,,N/A,Undisclosed, ,Pending
M&A,6/10/2021,xtra CHEF Inc,Toast Inc,"MVP Capital Partners LLC,Laconia Capital Group LLC (Fund: Laconia Capital Group II LP),ValueStream Ventures LLC",N/A,Cash, ,Completed
M&A,7/26/2021,FlexXray LLC,"Warburg Pincus LLC (Fund: Warburg Pincus Global Growth LP),Tilia Holdings LLC (Fund: Tilia Fund II LP)",Levine Leichtman Capital Partners Inc,N/A,Cash, ,Completed
M&A,9/8/2021,Whitson's Food Service Corp,GenNx360 Capital Partners LP,,N/A,Cash, ,Completed
M&A,9/23/2021,Pacific Bells LLC,Orangewood Partners LLC,,N/A,Cash, ,Completed
M&A,10/5/2021,"9263-3643 Quebec Inc,Industria Pizzeria & Bar",Dream Hospitality Group LLC,MTY Food Group Inc,N/A,Undisclosed, ,Pending
M&A,10/14/2021,K-MAC Holdings Corp,Mubadala Investment Co PJSC,Lee Equity Partners LLC,N/A,Cash, ,Completed
M&A,10/14/2021,K-Mac Enterprises Inc,Mubadala Investment Co PJSC,Lee Equity Partners LLC,N/A,Cash, ,Completed
M&A,10/27/2021,McD Tech Labs,International Business Machine,McDonald's Corp,N/A,Undisclosed, ,Completed
M&A,8/3/2021,Spread,Lunchbox Technologies Inc,,N/A,Undisclosed, ,Completed
INV,8/13/2021,Hunan Wenhe Catering Co Ltd,"GIC Pte Ltd,Warburg Pincus LLC (Fund: Warburg Pincus China-Southeast Asia II LP),IDG Capital Investment Consultant Beijing Co Ltd (Fund: IDG China Venture Capital Fund VI LP),Shenzhen Country Garden Venture Capital,Sequoia China Investment Management LLP (Fund: Sequoia Capital China Venture F...",,N/A,Cash, ,Completed
M&A,8/16/2021,Humble Pie Productions Ltd,"Gordon Ramsay Holdings Ltd,Fox Corp",,N/A,Undisclosed, ,Pending
M&A,8/17/2021,L&J Produce Inc,GrubMarket Inc,,N/A,Undisclosed, ,Completed
M&A,8/24/2021,Spyce Food Co,Sweetgreen Inc,"Khosla Ventures LLC (Fund: Khosla Ventures V LP),Qualcomm Ventures LLC (Fund: Qualcomm Venture Fund),Maveron LLC (Fund: Maveron Equity Partners VI LP),Collaborative Fund (Fund: Collaborative IV LP)",N/A,Cash, ,Completed
INV,11/24/2022,10X Inc,SDF Capital LLC,,N/A,Undisclosed, ,Completed
