CAMIS,DBA,BORO,BUILDING,STREET,ZIPCODE,CUISINE DESCRIPTION,DBA_UPPER,Restaurant Group,Investor
50113361,FELICE,Manhattan,240,COLUMBUS AVENUE,10023.0,Italian,FELICE,Sant Ambroeus / Felice / Casa Lever,Three Hills Capital Partners
50117747,SANT AMBROEUS GELATERIA,Manhattan,267,LAFAYETTE STREET,10012.0,Frozen Desserts,SANT AMBROEUS GELATERIA,Sant Ambroeus / Felice / Casa Lever,Three Hills Capital Partners
50099022,FELICE 56,Manhattan,15,WEST   56 STREET,10019.0,Italian,FELICE 56,Sant Ambroeus / Felice / Casa Lever,Three Hills Capital Partners
50101167,SANT AMBROEUS,Manhattan,200,VESEY STREET,10281.0,Italian,SANT AMBROEUS,Sant Ambroeus / Felice / Casa Lever,Three Hills Capital Partners
41701618,FELICE,Manhattan,15,GOLD STREET,10038.0,Italian,FELICE,Sant Ambroeus / Felice / Casa Lever,Three Hills Capital Partners
50064720,SANT AMBROEUS COFFEE BAR,Manhattan,1136,3 AVENUE,10065.0,Coffee/Tea,SANT AMBROEUS COFFEE BAR,Sant Ambroeus / Felice / Casa Lever,Three Hills Capital Partners
40576150,FELICE 64,Manhattan,1166,1 AVENUE,10065.0,Italian,FELICE 64,Sant Ambroeus / Felice / Casa Lever,Three Hills Capital Partners
50090843,FELICE PASTA BAR,Brooklyn,55,WATER STREET,11201.0,Italian,FELICE PASTA BAR,Sant Ambroeus / Felice / Casa Lever,Three Hills Capital Partners
40993101,SANT AMBROEUS,Manhattan,259,WEST    4 STREET,10014.0,Italian,SANT AMBROEUS,Sant Ambroeus / Felice / Casa Lever,Three Hills Capital Partners
41120682,SANT AMBROEUS,Manhattan,1000,MADISON AVENUE,10075.0,Italian,SANT AMBROEUS,Sant Ambroeus / Felice / Casa Lever,Three Hills Capital Partners
41436878,CASA LEVER,Manhattan,390,PARK AVENUE,10022.0,Italian,CASA LEVER,Sant Ambroeus / Felice / Casa Lever,Three Hills Capital Partners
41582081,FELICE 83,Manhattan,1593,1 AVENUE,10028.0,Italian,FELICE 83,Sant Ambroeus / Felice / Casa Lever,Three Hills Capital Partners
50066554,THE REGENCY BAR & GRILL / SANT AMBROEUS,Manhattan,540,PARK AVENUE,10065.0,American,THE REGENCY BAR & GRILL / SANT AMBROEUS,Sant Ambroeus / Felice / Casa Lever,Three Hills Capital Partners
50118524,FELICE,Brooklyn,84,MONTAGUE STREET,11201.0,Italian,FELICE,Sant Ambroeus / Felice / Casa Lever,Three Hills Capital Partners
50118897,FELICE ON HUDSON,Manhattan,615,HUDSON STREET,10014.0,Italian,FELICE ON HUDSON,Sant Ambroeus / Felice / Casa Lever,Three Hills Capital Partners
41721252,SANT AMBROEUS,Manhattan,265,LAFAYETTE STREET,10012.0,Italian,SANT AMBROEUS,Sant Ambroeus / Felice / Casa Lever,Three Hills Capital Partners
50184232,"FELICE FIFTH AVE, LLC",Manhattan,220,5 AVENUE,10001.0,,"FELICE FIFTH AVE, LLC",Sant Ambroeus / Felice / Casa Lever,Three Hills Capital Partners
50116606,PETITE MAMAN,Manhattan,441,8 AVENUE,10001.0,Sandwiches,PETITE MAMAN,Maman,TriSpan
50110709,MAMAN,Manhattan,1424,3 AVENUE,10028.0,Coffee/Tea,MAMAN,Maman,TriSpan
50119639,MAMAN,Manhattan,152,COLUMBUS AVENUE,10023.0,French,MAMAN,Maman,TriSpan
50118259,MAMAN,Manhattan,114,WEST   41 STREET,10036.0,American,MAMAN,Maman,TriSpan
50125775,MAMAN,Manhattan,667,LEXINGTON AVENUE,10022.0,French,MAMAN,Maman,TriSpan
50166727,PETITE MAMAN,Manhattan,601,LEXINGTON AVENUE,10022.0,French,PETITE MAMAN,Maman,TriSpan
50085937,MAMAN,Manhattan,205,HUDSON STREET,10013.0,Coffee/Tea,MAMAN,Maman,TriSpan
50150087,MAMAN,Queens,47-16,AUSTELL PLACE,11101.0,French,MAMAN,Maman,TriSpan
50113707,MAMAN,Manhattan,211,WEST BROADWAY,10013.0,French,MAMAN,Maman,TriSpan
50129754,MAMAN,Queens,31-00,47 AVENUE,11101.0,Coffee/Tea,MAMAN,Maman,TriSpan
50168022,MAMAN,Manhattan,3,WEST   18 STREET,10011.0,French,MAMAN,Maman,TriSpan
50073537,MAMAN,Manhattan,22,WEST   25 STREET,10010.0,French,MAMAN,Maman,TriSpan
50052602,MAMAN,Brooklyn,80,KENT STREET,11222.0,French,MAMAN,Maman,TriSpan
50014481,MAMAN,Manhattan,239,CENTRE STREET,10013.0,French,MAMAN,Maman,TriSpan
50114996,MAMAN,Manhattan,12,WEST   48 STREET,10036.0,American,MAMAN,Maman,TriSpan
50179291,MAMAN,Manhattan,71,BROADWAY,10006.0,Bakery Products/Desserts,MAMAN,Maman,TriSpan
50116677,MAMAN,Brooklyn,154,COURT STREET,11201.0,Coffee/Tea,MAMAN,Maman,TriSpan
50116258,MAMAN,Manhattan,429,AMSTERDAM AVENUE,10024.0,French,MAMAN,Maman,TriSpan
50108034,MAMAN,Manhattan,375,HUDSON STREET,10014.0,New French,MAMAN,Maman,TriSpan
50121107,MAMAN,Manhattan,230,PARK AVENUE,10169.0,French,MAMAN,Maman,TriSpan
50127773,MAMAN,Manhattan,155,EAST   44 STREET,10017.0,American,MAMAN,Maman,TriSpan
50130220,PETITE MAMAN,Manhattan,545,MADISON AVENUE,10022.0,Coffee/Tea,PETITE MAMAN,Maman,TriSpan
50116642,MAMAN,Manhattan,67,UNIVERSITY PLACE,10003.0,French,MAMAN,Maman,TriSpan
50183126,MAMAN,Brooklyn,66,WATER STREET,11201.0,,MAMAN,Maman,TriSpan
50153145,PETITE MAMAN,Manhattan,210,MURRAY STREET,10282.0,Coffee/Tea,PETITE MAMAN,Maman,TriSpan
50124423,MAMAN,Manhattan,800,WASHINGTON STREET,10014.0,French,MAMAN,Maman,TriSpan
50153385,DOS TOROS,Queens,LAGUARDIA,AIRPORT,11371.0,,DOS TOROS,Dos Toros,L Catterton (Founders Table)
50119696,DOS TOROS,Brooklyn,189,BEDFORD AVENUE,11211.0,Mexican,DOS TOROS,Dos Toros,L Catterton (Founders Table)
50119783,DOS TOROS,Manhattan,137,4 AVENUE,10003.0,Mexican,DOS TOROS,Dos Toros,L Catterton (Founders Table)
50119706,DOS TOROS,Manhattan,119,WEST   40 STREET,10018.0,Mexican,DOS TOROS,Dos Toros,L Catterton (Founders Table)
50119670,DOS TOROS,Manhattan,200,VESEY STREET,10281.0,Spanish,DOS TOROS,Dos Toros,L Catterton (Founders Table)
50179334,DOS TOROS TAQUERIA,Brooklyn,1,BOERUM PLACE,11201.0,Tex-Mex,DOS TOROS TAQUERIA,Dos Toros,L Catterton (Founders Table)
50119660,DOS TOROS,Manhattan,636,LEXINGTON AVENUE,10022.0,Mexican,DOS TOROS,Dos Toros,L Catterton (Founders Table)
50119630,DOS TOROS,Manhattan,11,CARMINE STREET,10014.0,Mexican,DOS TOROS,Dos Toros,L Catterton (Founders Table)
50119628,DOS TOROS,Manhattan,2911,BROADWAY,10025.0,Mexican,DOS TOROS,Dos Toros,L Catterton (Founders Table)
50145734,DOS TOROS TAQUERIA,Manhattan,1115,LEXINGTON AVENUE,10075.0,Mexican,DOS TOROS TAQUERIA,Dos Toros,L Catterton (Founders Table)
50119691,DOS TOROS,Manhattan,101,MAIDEN LANE,10038.0,Mexican,DOS TOROS,Dos Toros,L Catterton (Founders Table)
50119701,DOS TOROS,Manhattan,10,EAST   48 STREET,10017.0,Mexican,DOS TOROS,Dos Toros,L Catterton (Founders Table)
50166484,DOS TOROS/ZOROS (POST SECURITY),Queens,,TERMINAL 8,11430.0,Other,DOS TOROS/ZOROS (POST SECURITY),Dos Toros,L Catterton (Founders Table)
50119673,DOS TOROS,Manhattan,1,STATE STREET,10004.0,Mexican,DOS TOROS,Dos Toros,L Catterton (Founders Table)
50155051,DOS TOROS TAQUERIA,Manhattan,315,7 AVENUE,10001.0,Tex-Mex,DOS TOROS TAQUERIA,Dos Toros,L Catterton (Founders Table)
50177704,DOS TOROS,Queens,4A,CENTRAL TERMINAL AREA STE4,,,DOS TOROS,Dos Toros,L Catterton (Founders Table)
50161465,DOS TOROS TAQUERIA,Manhattan,1327,YORK AVENUE,10021.0,Tex-Mex,DOS TOROS TAQUERIA,Dos Toros,L Catterton (Founders Table)
50119782,DOS TOROS,Manhattan,1290,AVENUE OF THE AMERICAS,10119.0,Mexican,DOS TOROS,Dos Toros,L Catterton (Founders Table)
50104764,DOS TOROS,Queens,1,Central Terminal,,Mexican,DOS TOROS,Dos Toros,L Catterton (Founders Table)
50165633,DOS TOROS TAQUERIA,Manhattan,237,PARK AVENUE,10017.0,Mexican,DOS TOROS TAQUERIA,Dos Toros,L Catterton (Founders Table)
50145733,DOS TOROS TAQUERIA,Manhattan,1,PENN PLAZA,10119.0,Spanish,DOS TOROS TAQUERIA,Dos Toros,L Catterton (Founders Table)
41106233,ROSA MEXICANO,Manhattan,9,EAST   18 STREET,10003.0,Mexican,ROSA MEXICANO,Rosa Mexicano,TriSpan
50114038,ROSA MEXICANO,Manhattan,251,EAST   52 STREET,10022.0,Mexican,ROSA MEXICANO,Rosa Mexicano,TriSpan
50175605,ROSA MEXICANO,Manhattan,1889,BROADWAY,10023.0,Mexican,ROSA MEXICANO,Rosa Mexicano,TriSpan
41543887,BEAUTY & ESSEX,Manhattan,146,ESSEX STREET,10002.0,New American,BEAUTY & ESSEX,Tao Group (Tao/Lavo/Marquee/Cathedrale/Beauty & Essex),Mohari Hospitality
40795021,TAO UPTOWN,Manhattan,42,EAST   58 STREET,10022.0,Asian/Asian Fusion,TAO UPTOWN,Tao Group (Tao/Lavo/Marquee/Cathedrale/Beauty & Essex),Mohari Hospitality
41480022,LAVO NEW YORK,Manhattan,39,EAST   58 STREET,10022.0,Italian,LAVO NEW YORK,Tao Group (Tao/Lavo/Marquee/Cathedrale/Beauty & Essex),Mohari Hospitality
50096997,CATHEDRALE / THE READY CANTINA / ALPHABET,Manhattan,112,EAST   11 STREET,10003.0,French,CATHEDRALE / THE READY CANTINA / ALPHABET,Tao Group (Tao/Lavo/Marquee/Cathedrale/Beauty & Essex),Mohari Hospitality
50002692,TAO DOWNTOWN,Manhattan,92,9 AVENUE,10011.0,Asian/Asian Fusion,TAO DOWNTOWN,Tao Group (Tao/Lavo/Marquee/Cathedrale/Beauty & Essex),Mohari Hospitality
41704644,MARQUEE,Manhattan,289,10 AVENUE,10001.0,American,MARQUEE,Tao Group (Tao/Lavo/Marquee/Cathedrale/Beauty & Essex),Mohari Hospitality
50001261,TACOMBI AT FONDA NOLITA,Manhattan,267,ELIZABETH STREET,10012.0,Tex-Mex,TACOMBI AT FONDA NOLITA,Tacombi,Enlightened Hospitality Investments (EHI)
50099117,TACOMBI,Brooklyn,242,METROPOLITAN AVENUE,11211.0,Tex-Mex,TACOMBI,Tacombi,Enlightened Hospitality Investments (EHI)
50042927,TACOMBI,Manhattan,255,BLEECKER STREET,10014.0,Mexican,TACOMBI,Tacombi,Enlightened Hospitality Investments (EHI)
50107255,TACOMBI,Manhattan,202,EAST   70 STREET,10021.0,Tex-Mex,TACOMBI,Tacombi,Enlightened Hospitality Investments (EHI)
50072348,TACOMBI,Manhattan,350,5 AVENUE,10118.0,Tex-Mex,TACOMBI,Tacombi,Enlightened Hospitality Investments (EHI)
50115434,TACOMBI,Queens,71-22,AUSTIN STREET,11375.0,Mexican,TACOMBI,Tacombi,Enlightened Hospitality Investments (EHI)
50090236,TACOMBI,Manhattan,377,AMSTERDAM AVENUE,10024.0,Tex-Mex,TACOMBI,Tacombi,Enlightened Hospitality Investments (EHI)
50078845,TACOMBI,Brooklyn,25,LAFAYETTE AVENUE,11217.0,Mexican,TACOMBI,Tacombi,Enlightened Hospitality Investments (EHI)
50109839,TACOMBI,Queens,27-10,43 AVENUE,11101.0,Mexican,TACOMBI,Tacombi,Enlightened Hospitality Investments (EHI)
50009452,TACOMBI,Manhattan,30,WEST   24 STREET,10010.0,Tex-Mex,TACOMBI,Tacombi,Enlightened Hospitality Investments (EHI)
50102646,TACOMBI,Manhattan,74,BROAD STREET,10004.0,Tex-Mex,TACOMBI,Tacombi,Enlightened Hospitality Investments (EHI)
50099890,MILK BAR,Manhattan,1186,BROADWAY,10001.0,American,MILK BAR,Milk Bar,RSE Ventures
50068343,MILK BAR,Brooklyn,204,6 AVENUE,11217.0,American,MILK BAR,Milk Bar,RSE Ventures
41608360,MILK BAR,Manhattan,561,COLUMBUS AVENUE,10024.0,Bakery Products/Desserts,MILK BAR,Milk Bar,RSE Ventures
50056178,MILK BAR NOLITA,Manhattan,246,MOTT STREET,10012.0,Frozen Desserts,MILK BAR NOLITA,Milk Bar,RSE Ventures
50052366,MILK BAR,Brooklyn,620,VANDERBILT AVENUE,11238.0,Coffee/Tea,MILK BAR,Milk Bar,RSE Ventures
50124394,MILK BAR,Brooklyn,382,METROPOLITAN AVENUE,11211.0,Bakery Products/Desserts,MILK BAR,Milk Bar,RSE Ventures
50059434,MILK BAR,Manhattan,74,CHRISTOPHER STREET,10014.0,Bakery Products/Desserts,MILK BAR,Milk Bar,RSE Ventures
50148583,BLUESTONE LANE,Manhattan,,CHELSEA PIERS,10011.0,Coffee/Tea,BLUESTONE LANE,Bluestone Lane,RSE Ventures
50118833,BLUESTONE LANE,Manhattan,330,MADISON AVENUE,10017.0,Coffee/Tea,BLUESTONE LANE,Bluestone Lane,RSE Ventures
50080230,BLUESTONE LANE,Manhattan,417,AMSTERDAM AVENUE,10024.0,Australian,BLUESTONE LANE,Bluestone Lane,RSE Ventures
50066835,BLUESTONE LANE,Manhattan,1375,BROADWAY,10018.0,Coffee/Tea,BLUESTONE LANE,Bluestone Lane,RSE Ventures
50067685,BLUESTONE LANE,Manhattan,2,EAST   90 STREET,10128.0,American,BLUESTONE LANE,Bluestone Lane,RSE Ventures
50111191,BLUESTONE LANE,Manhattan,109,WEST BROADWAY,10013.0,Australian,BLUESTONE LANE,Bluestone Lane,RSE Ventures
50070079,BLUESTONE LANE,Manhattan,435,WEST   31 STREET,10001.0,Australian,BLUESTONE LANE,Bluestone Lane,RSE Ventures
50080585,BLUESTONE LANE,Manhattan,400,MADISON AVENUE,10017.0,Coffee/Tea,BLUESTONE LANE,Bluestone Lane,RSE Ventures
50080589,BLUESTONE LANE,Manhattan,11,TIMES SQUARE,10036.0,Coffee/Tea,BLUESTONE LANE,Bluestone Lane,RSE Ventures
50102945,BLUESTONE LANE,Manhattan,30,HUDSON YARDS,10001.0,Coffee/Tea,BLUESTONE LANE,Bluestone Lane,RSE Ventures
50111188,BLUESTONE LANE,Manhattan,55,HUDSON YARDS,10001.0,American,BLUESTONE LANE,Bluestone Lane,RSE Ventures
50095025,BLUESTONE LANE,Manhattan,1120,6 AVENUE,10036.0,Coffee/Tea,BLUESTONE LANE,Bluestone Lane,RSE Ventures
50109552,BLUESTONE LANE,Manhattan,2,RIVER TERRACE,10282.0,Australian,BLUESTONE LANE,Bluestone Lane,RSE Ventures
50067688,BLUESTONE LANE,Brooklyn,55,PROSPECT STREET,11201.0,Australian,BLUESTONE LANE,Bluestone Lane,RSE Ventures
50066854,DIG INN,Manhattan,80,PINE STREET,10005.0,Brazilian,DIG INN,Dig / Dig Inn,Enlightened Hospitality Investments (EHI)
50059267,DIG INN,Manhattan,856,8 AVENUE,10019.0,American,DIG INN,Dig / Dig Inn,Enlightened Hospitality Investments (EHI)
50056401,DIG INN,Manhattan,1297,LEXINGTON AVENUE,10128.0,American,DIG INN,Dig / Dig Inn,Enlightened Hospitality Investments (EHI)
50072059,DIG INN,Manhattan,133,WEST   38 STREET,10018.0,American,DIG INN,Dig / Dig Inn,Enlightened Hospitality Investments (EHI)
50079705,DIG INN,Manhattan,100,WEST   67 STREET,10023.0,American,DIG INN,Dig / Dig Inn,Enlightened Hospitality Investments (EHI)
50098467,DIG INN ON BLEECKER,Manhattan,232,BLEECKER STREET,10014.0,American,DIG INN ON BLEECKER,Dig / Dig Inn,Enlightened Hospitality Investments (EHI)
50099743,DIG INN,Manhattan,275,7 AVENUE,10001.0,American,DIG INN,Dig / Dig Inn,Enlightened Hospitality Investments (EHI)
50098025,DIG INN,Manhattan,127,4 AVENUE,10003.0,American,DIG INN,Dig / Dig Inn,Enlightened Hospitality Investments (EHI)
50118792,DIG INN,Manhattan,630,3 AVENUE,10017.0,American,DIG INN,Dig / Dig Inn,Enlightened Hospitality Investments (EHI)
50086803,DIG INN,Manhattan,691,BROADWAY,10012.0,American,DIG INN,Dig / Dig Inn,Enlightened Hospitality Investments (EHI)
50117190,DIG INN,Manhattan,286,MADISON AVENUE,10017.0,American,DIG INN,Dig / Dig Inn,Enlightened Hospitality Investments (EHI)
50008739,DIG INN SEASONAL MARKET,Manhattan,225,LIBERTY STREET,10280.0,American,DIG INN SEASONAL MARKET,Dig / Dig Inn,Enlightened Hospitality Investments (EHI)
50069517,DIG INN,Manhattan,70,PRINCE STREET,10012.0,American,DIG INN,Dig / Dig Inn,Enlightened Hospitality Investments (EHI)
50079058,DIG INN,Brooklyn,166,NORTH    4 STREET,11211.0,American,DIG INN,Dig / Dig Inn,Enlightened Hospitality Investments (EHI)
50006252,DIG INN SEASONAL MARKET,Manhattan,2884,BROADWAY,10025.0,American,DIG INN SEASONAL MARKET,Dig / Dig Inn,Enlightened Hospitality Investments (EHI)
50033747,DIG INN,Manhattan,16,EAST   23 STREET,10010.0,American,DIG INN,Dig / Dig Inn,Enlightened Hospitality Investments (EHI)
50084970,DIG INN,Manhattan,1319,1 AVENUE,10021.0,American,DIG INN,Dig / Dig Inn,Enlightened Hospitality Investments (EHI)
50142350,DIG INN,Brooklyn,138,WILLOUGHBY STREET,11201.0,American,DIG INN,Dig / Dig Inn,Enlightened Hospitality Investments (EHI)
41461802,DIG INN SEASONAL MARKET,Manhattan,150,EAST   52 STREET,10022.0,American,DIG INN SEASONAL MARKET,Dig / Dig Inn,Enlightened Hospitality Investments (EHI)
50086801,DIG INN,Manhattan,709,LEXINGTON AVENUE,10022.0,American,DIG INN,Dig / Dig Inn,Enlightened Hospitality Investments (EHI)
50063627,JOE & THE JUICE,Manhattan,1350,AVENUE OF THE AMERICAS,10019.0,"Juice, Smoothies, Fruit Salads",JOE & THE JUICE,Joe & the Juice,"General Atlantic (sold to Emirates International Investment, Apr 2026)"
50073861,JOE & THE JUICE,Manhattan,343,AMSTERDAM AVENUE,10024.0,"Juice, Smoothies, Fruit Salads",JOE & THE JUICE,Joe & the Juice,"General Atlantic (sold to Emirates International Investment, Apr 2026)"
50068537,JOE & THE JUICE,Manhattan,247,COLUMBUS AVENUE,10023.0,"Juice, Smoothies, Fruit Salads",JOE & THE JUICE,Joe & the Juice,"General Atlantic (sold to Emirates International Investment, Apr 2026)"
50070572,JOE & THE JUICE BROAD ST,Manhattan,40,BROAD STREET,10004.0,"Juice, Smoothies, Fruit Salads",JOE & THE JUICE BROAD ST,Joe & the Juice,"General Atlantic (sold to Emirates International Investment, Apr 2026)"
50073862,JOE & THE JUICE,Manhattan,549,HUDSON STREET,10014.0,"Juice, Smoothies, Fruit Salads",JOE & THE JUICE,Joe & the Juice,"General Atlantic (sold to Emirates International Investment, Apr 2026)"
50086248,JOE & THE JUICE,Manhattan,2460,BROADWAY,10025.0,"Juice, Smoothies, Fruit Salads",JOE & THE JUICE,Joe & the Juice,"General Atlantic (sold to Emirates International Investment, Apr 2026)"
50064486,JOE & THE JUICE,Manhattan,993,LEXINGTON AVENUE,10021.0,Coffee/Tea,JOE & THE JUICE,Joe & the Juice,"General Atlantic (sold to Emirates International Investment, Apr 2026)"
50067622,JOE & THE JUICE,Manhattan,666,3 AVENUE,10017.0,"Juice, Smoothies, Fruit Salads",JOE & THE JUICE,Joe & the Juice,"General Atlantic (sold to Emirates International Investment, Apr 2026)"
50060954,JOE & THE JUICE,Manhattan,1114,AVENUE OF THE AMERICAS,10036.0,American,JOE & THE JUICE,Joe & the Juice,"General Atlantic (sold to Emirates International Investment, Apr 2026)"
50087434,JOE & THE JUICE,Manhattan,1400,MADISON AVENUE,10029.0,"Juice, Smoothies, Fruit Salads",JOE & THE JUICE,Joe & the Juice,"General Atlantic (sold to Emirates International Investment, Apr 2026)"
50163739,JOE & THE JUICE,Manhattan,116,UNIVERSITY PLACE,10003.0,Other,JOE & THE JUICE,Joe & the Juice,"General Atlantic (sold to Emirates International Investment, Apr 2026)"
50064478,JOE & THE JUICE,Manhattan,161,PRINCE STREET,10012.0,Coffee/Tea,JOE & THE JUICE,Joe & the Juice,"General Atlantic (sold to Emirates International Investment, Apr 2026)"
50079488,JOE & THE JUICE GREENWICH ST,Manhattan,295,GREENWICH STREET,10007.0,Coffee/Tea,JOE & THE JUICE GREENWICH ST,Joe & the Juice,"General Atlantic (sold to Emirates International Investment, Apr 2026)"
50063629,JOE & THE JUICE,Manhattan,430,PARK AVENUE,10022.0,Sandwiches/Salads/Mixed Buffet,JOE & THE JUICE,Joe & the Juice,"General Atlantic (sold to Emirates International Investment, Apr 2026)"
50060223,JOE & THE JUICE,Manhattan,1758,BROADWAY,10019.0,"Juice, Smoothies, Fruit Salads",JOE & THE JUICE,Joe & the Juice,"General Atlantic (sold to Emirates International Investment, Apr 2026)"
50131933,JOE & THE JUICE,Manhattan,929,BROADWAY,10010.0,"Juice, Smoothies, Fruit Salads",JOE & THE JUICE,Joe & the Juice,"General Atlantic (sold to Emirates International Investment, Apr 2026)"
50060415,JOE & THE JUICE,Manhattan,67,SPRING STREET,10012.0,Coffee/Tea,JOE & THE JUICE,Joe & the Juice,"General Atlantic (sold to Emirates International Investment, Apr 2026)"
50068085,JOE & THE JUICE,Manhattan,67,WALL STREET,10005.0,"Juice, Smoothies, Fruit Salads",JOE & THE JUICE,Joe & the Juice,"General Atlantic (sold to Emirates International Investment, Apr 2026)"
50070654,JOE & THE JUICE,Manhattan,801,LEXINGTON AVENUE,10065.0,"Juice, Smoothies, Fruit Salads",JOE & THE JUICE,Joe & the Juice,"General Atlantic (sold to Emirates International Investment, Apr 2026)"
50132016,JOE & THE JUICE,Manhattan,357,LAFAYETTE STREET,10012.0,American,JOE & THE JUICE,Joe & the Juice,"General Atlantic (sold to Emirates International Investment, Apr 2026)"
50078229,JOE & THE JUICE,Manhattan,1320,3 AVENUE,10021.0,"Juice, Smoothies, Fruit Salads",JOE & THE JUICE,Joe & the Juice,"General Atlantic (sold to Emirates International Investment, Apr 2026)"
50077156,JOE & THE JUICE,Manhattan,1166,LEXINGTON AVENUE,10028.0,"Juice, Smoothies, Fruit Salads",JOE & THE JUICE,Joe & the Juice,"General Atlantic (sold to Emirates International Investment, Apr 2026)"
50132017,JOE & THE JUICE,Manhattan,304,BLEECKER STREET,10014.0,"Juice, Smoothies, Fruit Salads",JOE & THE JUICE,Joe & the Juice,"General Atlantic (sold to Emirates International Investment, Apr 2026)"
50113960,JOE & THE JUICE,Manhattan,1165,BROADWAY,10001.0,Coffee/Tea,JOE & THE JUICE,Joe & the Juice,"General Atlantic (sold to Emirates International Investment, Apr 2026)"
50074889,JOE & THE JUICE,Manhattan,300,PARK AVENUE,10022.0,"Juice, Smoothies, Fruit Salads",JOE & THE JUICE,Joe & the Juice,"General Atlantic (sold to Emirates International Investment, Apr 2026)"
50064480,JOE & THE JUICE (OCULUS WESTFIELD),Manhattan,185,GREENWICH STREET,10007.0,"Juice, Smoothies, Fruit Salads",JOE & THE JUICE (OCULUS WESTFIELD),Joe & the Juice,"General Atlantic (sold to Emirates International Investment, Apr 2026)"
50171257,JOE & THE JUICE,Manhattan,1185,6 AVENUE,10036.0,"Juice, Smoothies, Fruit Salads",JOE & THE JUICE,Joe & the Juice,"General Atlantic (sold to Emirates International Investment, Apr 2026)"
50168983,JOE & THE JUICE,Manhattan,20,HUDSON YARDS,10001.0,"Juice, Smoothies, Fruit Salads",JOE & THE JUICE,Joe & the Juice,"General Atlantic (sold to Emirates International Investment, Apr 2026)"
50185687,JOE & THE JUICE,Manhattan,114,10 AVENUE,10011.0,,JOE & THE JUICE,Joe & the Juice,"General Atlantic (sold to Emirates International Investment, Apr 2026)"
50169390,JOE & THE JUICE,Brooklyn,296,WYTHE AVENUE,11249.0,"Juice, Smoothies, Fruit Salads",JOE & THE JUICE,Joe & the Juice,"General Atlantic (sold to Emirates International Investment, Apr 2026)"
50178156,JOE & THE JUICE,Manhattan,315,HUDSON STREET,10013.0,,JOE & THE JUICE,Joe & the Juice,"General Atlantic (sold to Emirates International Investment, Apr 2026)"
50171127,JOE & THE JUICE,Manhattan,322,7 AVENUE,10001.0,"Juice, Smoothies, Fruit Salads",JOE & THE JUICE,Joe & the Juice,"General Atlantic (sold to Emirates International Investment, Apr 2026)"
50185001,MOMOFUKU,0,,,,,MOMOFUKU,Momofuku,RSE Ventures
50084079,MOMOFUKU NOODLE BAR,Manhattan,10,COLUMBUS CIRCLE,10019.0,Japanese,MOMOFUKU NOODLE BAR,Momofuku,RSE Ventures
41293936,MOMOFUKU NOODLE BAR,Manhattan,171,1 AVENUE,10003.0,Asian/Asian Fusion,MOMOFUKU NOODLE BAR,Momofuku,RSE Ventures
50095573,MOMOFUKU SSAM BAR,Manhattan,95,SOUTH STREET,10038.0,Asian/Asian Fusion,MOMOFUKU SSAM BAR,Momofuku,RSE Ventures
50177876,NAYA 1177 6TH AVENUE LLC,Manhattan,1177,AVENUE OF THE AMERICAS,10036.0,,NAYA 1177 6TH AVENUE LLC,Naya,TriSpan
50120606,NAYA,Manhattan,688,3 AVENUE,10017.0,Middle Eastern,NAYA,Naya,TriSpan
50135413,NAYA,Manhattan,304,PARK AVENUE SOUTH,10010.0,Middle Eastern,NAYA,Naya,TriSpan
50115704,NAYA,Manhattan,1400,BROADWAY,10018.0,Middle Eastern,NAYA,Naya,TriSpan
50172917,NAYA,Manhattan,20,HUDSON YARDS,10001.0,Middle Eastern,NAYA,Naya,TriSpan
50115753,NAYA,Manhattan,225,LIBERTY STREET,10280.0,Lebanese,NAYA,Naya,TriSpan
50133332,NAYA,Manhattan,1129,BROADWAY,10010.0,Middle Eastern,NAYA,Naya,TriSpan
50141006,NAYA,Manhattan,285,MADISON AVENUE,10017.0,Middle Eastern,NAYA,Naya,TriSpan
50119808,NAYA,Manhattan,41,EAST   11 STREET,10003.0,Mediterranean,NAYA,Naya,TriSpan
50115756,NAYA,Manhattan,351,WEST   31 STREET,10001.0,Middle Eastern,NAYA,Naya,TriSpan
50158635,NAYA,Manhattan,1314,YORK AVENUE,10021.0,Middle Eastern,NAYA,Naya,TriSpan
50120682,NAYA,Manhattan,54,WEST   56 STREET,10019.0,Mediterranean,NAYA,Naya,TriSpan
50043973,NAYA EXPRESS,Manhattan,1,NEW YORK PLAZA,10004.0,Middle Eastern,NAYA EXPRESS,Naya,TriSpan
50147080,NAYA,Manhattan,2339,BROADWAY,10024.0,Middle Eastern,NAYA,Naya,TriSpan
50171393,NAYA,Manhattan,750,COLUMBUS AVENUE,10025.0,Mediterranean,NAYA,Naya,TriSpan
50070313,NAYA,Manhattan,488,MADISON AVENUE,10022.0,Middle Eastern,NAYA,Naya,TriSpan
50127015,NAYA,Brooklyn,15,METROTECH CENTER,11201.0,Middle Eastern,NAYA,Naya,TriSpan
50161930,NAYA,Manhattan,250,WEST   55 STREET,10019.0,Middle Eastern,NAYA,Naya,TriSpan
50126957,NAYA,Manhattan,10,WEST   33 STREET,10001.0,Mediterranean,NAYA,Naya,TriSpan
50165002,NAYA,Manhattan,1285,6 AVENUE,10019.0,Middle Eastern,NAYA,Naya,TriSpan
50160226,NAYA,Brooklyn,203,BEDFORD AVENUE,11211.0,Middle Eastern,NAYA,Naya,TriSpan
50171263,NAYA,Manhattan,30,ROCKEFELLER PLAZA,10112.0,Middle Eastern,NAYA,Naya,TriSpan
50173960,NAYA,Brooklyn,95,JAY STREET,11201.0,Mediterranean,NAYA,Naya,TriSpan
50160080,NAYA,Manhattan,75,WALL STREET,10005.0,Middle Eastern,NAYA,Naya,TriSpan
50176316,NAYA 827 THIRD AVENUE LLC,Manhattan,827,3 AVENUE,10022.0,,NAYA 827 THIRD AVENUE LLC,Naya,TriSpan
50152037,NAYA BRYANT PARK LLC,Manhattan,500,5 AVENUE,10110.0,,NAYA BRYANT PARK LLC,Naya,TriSpan
50178358,NAYA,Queens,26-04,JACKSON AVENUE,11101.0,Middle Eastern,NAYA,Naya,TriSpan
50106764,NAYA,Manhattan,370,7 AVENUE,10001.0,Middle Eastern,NAYA,Naya,TriSpan
50158624,NAYA,Manhattan,300,PARK AVENUE,10022.0,Other,NAYA,Naya,TriSpan
50153660,CHOPT CREATIVE SALAD CO.,Manhattan,410,10 AVENUE,10001.0,Soups/Salads/Sandwiches,CHOPT CREATIVE SALAD CO.,Chopt,L Catterton (Founders Table)
50116358,CHOPT,Manhattan,383,WEST   31 STREET,10001.0,Soups/Salads/Sandwiches,CHOPT,Chopt,L Catterton (Founders Table)
50132743,CHOPT,Manhattan,875,3 AVENUE,10022.0,Other,CHOPT,Chopt,L Catterton (Founders Table)
50172888,CHOPT,Queens,4A,CENTRAL TERMINAL AREA /JFK AIRPORT,,,CHOPT,Chopt,L Catterton (Founders Table)
50162364,CHIP CITY,Brooklyn,192,FLATBUSH AVENUE,11217.0,,CHIP CITY,Chip City,Enlightened Hospitality Investments (EHI)
50084876,CHIP CITY,Queens,22-04,33 STREET,11105.0,Bakery Products/Desserts,CHIP CITY,Chip City,Enlightened Hospitality Investments (EHI)
50143916,CHIP CITY,Manhattan,359,EAST   19 STREET,10003.0,Bakery Products/Desserts,CHIP CITY,Chip City,Enlightened Hospitality Investments (EHI)
50107111,CHIP CITY,Queens,45-05,40 STREET,11104.0,Bakery Products/Desserts,CHIP CITY,Chip City,Enlightened Hospitality Investments (EHI)
50087862,CHIP CITY,Queens,42-15,CRESCENT STREET,11101.0,Bakery Products/Desserts,CHIP CITY,Chip City,Enlightened Hospitality Investments (EHI)
50133300,CHIP CITY,Manhattan,325,GREENWICH STREET,10013.0,Nuts/Confectionary,CHIP CITY,Chip City,Enlightened Hospitality Investments (EHI)
50137356,CHIP CITY,Manhattan,1371,MADISON AVENUE,10128.0,Other,CHIP CITY,Chip City,Enlightened Hospitality Investments (EHI)
50115873,CHIP CITY,Manhattan,1543,2 AVENUE,10028.0,Other,CHIP CITY,Chip City,Enlightened Hospitality Investments (EHI)
50081613,CHIP CITY,Queens,30-06,34 STREET,11103.0,Bakery Products/Desserts,CHIP CITY,Chip City,Enlightened Hospitality Investments (EHI)
50109890,CHIP CITY,Brooklyn,361,SMITH STREET,11231.0,Bakery Products/Desserts,CHIP CITY,Chip City,Enlightened Hospitality Investments (EHI)
50099859,CHIP CITY,Manhattan,298,BLEECKER STREET,10014.0,Bakery Products/Desserts,CHIP CITY,Chip City,Enlightened Hospitality Investments (EHI)
50162363,CHIP CITY,Queens,133-27,39 AVENUE,11354.0,,CHIP CITY,Chip City,Enlightened Hospitality Investments (EHI)
50127104,CHIP CITY,Manhattan,370,COLUMBUS AVENUE,10024.0,Bakery Products/Desserts,CHIP CITY,Chip City,Enlightened Hospitality Investments (EHI)
50106939,CHIP CITY,Brooklyn,123,KENT AVENUE,11249.0,Coffee/Tea,CHIP CITY,Chip City,Enlightened Hospitality Investments (EHI)
50149392,CHIP CITY,Manhattan,272,7 AVENUE,10001.0,Other,CHIP CITY,Chip City,Enlightened Hospitality Investments (EHI)
50113214,CHIP CITY,Manhattan,30,ROCKEFELLER PLAZA,10112.0,Bakery Products/Desserts,CHIP CITY,Chip City,Enlightened Hospitality Investments (EHI)
50143517,CHIP CITY,Bronx,200,BAYCHESTER AVENUE,10475.0,Other,CHIP CITY,Chip City,Enlightened Hospitality Investments (EHI)
50118083,CHIP CITY,Queens,72-34,AUSTIN STREET,11375.0,Bakery Products/Desserts,CHIP CITY,Chip City,Enlightened Hospitality Investments (EHI)
50119747,CHIP CITY,Queens,23-96,BELL BOULEVARD,11360.0,Bakery Products/Desserts,CHIP CITY,Chip City,Enlightened Hospitality Investments (EHI)
41692608,SWEET CHICK,Brooklyn,164,BEDFORD AVENUE,11249.0,American,SWEET CHICK,Sweet Chick,L Catterton (indirect via Founders Table)
50127602,SWEET CHICK,Manhattan,32,EAST   16 STREET,10003.0,American,SWEET CHICK,Sweet Chick,L Catterton (indirect via Founders Table)
50011694,SWEET CHICK,Manhattan,178,LUDLOW STREET,10002.0,Chicken,SWEET CHICK,Sweet Chick,L Catterton (indirect via Founders Table)
50075224,SWEET CHICK,Queens,46-42,VERNON BOULEVARD,11101.0,American,SWEET CHICK,Sweet Chick,L Catterton (indirect via Founders Table)
50066349,SWEET CHICK,Brooklyn,636,CARLTON AVENUE,11238.0,American,SWEET CHICK,Sweet Chick,L Catterton (indirect via Founders Table)
50044717,FUKU - FA6090,Manhattan,4,PENN PLAZA,10121.0,Hotdogs/Pretzels,FUKU - FA6090,Fuku,RSE Ventures (via Momofuku)
50088840,FUKU,Manhattan,20,HUDSON YARDS,10001.0,Chicken,FUKU,Fuku,RSE Ventures (via Momofuku)
41688146,FUKU,Brooklyn,620,ATLANTIC AVENUE,11217.0,American,FUKU,Fuku,RSE Ventures (via Momofuku)
